id,author_id,geo/place_id,lang,entities/urls/0/start,entities/urls/0/end,entities/urls/0/url,entities/urls/0/expanded_url,entities/urls/0/display_url,entities/hashtags/0/start,entities/hashtags/0/end,entities/hashtags/0/tag,source,conversation_id,possibly_sensitive,public_metrics/retweet_count,public_metrics/reply_count,public_metrics/like_count,public_metrics/quote_count,reply_settings,text,created_at,entities/annotations/0/start,entities/annotations/0/end,entities/annotations/0/probability,entities/annotations/0/type,entities/annotations/0/normalized_text,entities/annotations/1/start,entities/annotations/1/end,entities/annotations/1/probability,entities/annotations/1/type,entities/annotations/1/normalized_text,entities/annotations/2/start,entities/annotations/2/end,entities/annotations/2/probability,entities/annotations/2/type,entities/annotations/2/normalized_text,context_annotations/0/domain/id,context_annotations/0/domain/name,context_annotations/0/domain/description,context_annotations/0/entity/id,context_annotations/0/entity/name,entities/hashtags/1/start,entities/hashtags/1/end,entities/hashtags/1/tag,entities/hashtags/2/start,entities/hashtags/2/end,entities/hashtags/2/tag,attachments/media_keys/0,geo/coordinates/type,geo/coordinates/coordinates/0,geo/coordinates/coordinates/1,entities/mentions/0/start,entities/mentions/0/end,entities/mentions/0/username,entities/mentions/1/start,entities/mentions/1/end,entities/mentions/1/username,entities/mentions/2/start,entities/mentions/2/end,entities/mentions/2/username,in_reply_to_user_id,entities/hashtags/3/start,entities/hashtags/3/end,entities/hashtags/3/tag,entities/annotations/3/start,entities/annotations/3/end,entities/annotations/3/probability,entities/annotations/3/type,entities/annotations/3/normalized_text,entities/urls/1/start,entities/urls/1/end,entities/urls/1/url,entities/urls/1/expanded_url,entities/urls/1/display_url,entities/urls/2/start,entities/urls/2/end,entities/urls/2/url,entities/urls/2/expanded_url,entities/urls/2/display_url,attachments/media_keys/1,attachments/media_keys/2,entities/hashtags/4/start,entities/hashtags/4/end,entities/hashtags/4/tag,entities/urls/0/status,entities/urls/0/unwound_url,entities/hashtags/5/start,entities/hashtags/5/end,entities/hashtags/5/tag,entities/hashtags/6/start,entities/hashtags/6/end,entities/hashtags/6/tag,context_annotations/1/domain/id,context_annotations/1/domain/name,context_annotations/1/domain/description,context_annotations/1/entity/id,context_annotations/1/entity/name,context_annotations/1/entity/description,context_annotations/2/domain/id,context_annotations/2/domain/name,context_annotations/2/domain/description,context_annotations/2/entity/id,context_annotations/2/entity/name,context_annotations/2/entity/description,referenced_tweets/0/type,referenced_tweets/0/id,entities/annotations/4/start,entities/annotations/4/end,entities/annotations/4/probability,entities/annotations/4/type,entities/annotations/4/normalized_text,entities/hashtags/7/start,entities/hashtags/7/end,entities/hashtags/7/tag
1384877736729120769,118116171,008eb02a542ac3d4,es,84,107,https://t.co/IXleUgvnBs,https://gofund.me/79dfbca1,gofund.me/79dfbca1,0,16,ServicioPublico,Twitter for iPhone,1384877736729120769,False,0,0,0,0,everyone,"#ServicioPublico Les pido su colaboraci√≥n para difundir o donar üôèüèª Es para mi pap√° 
https://t.co/IXleUgvnBs",2021-04-21T14:32:36+00:00,,,,,,,,,,,,,,,,,,,,,,,,,,,,,,,,,,,,,,,,,,,,,,,,,,,,,,,,,,,,,,,,,,,,,,,,,,,,,,,,,,,,,,,,,,,,,
1381641799073157127,15246855,07d9e4eaaec80001,es,224,247,https://t.co/ruaWTKaiAy,https://gofund.me/18cf2956,gofund.me/18cf2956,0,16,ServicioPublico,Twitter for iPhone,1381641799073157127,False,2,1,1,0,everyone,"#ServicioPublico

Ayuda al Mtro. Rugeles para superar COVID

El Maestro¬† Alfredo Rugeles atraviesa una situaci√≥n de salud delicada, acaba de ser diagnosticado de Covid-19 y fue hospitalizado por deficiencias respiratorias 

https://t.co/ruaWTKaiAy",2021-04-12T16:14:09+00:00,54,59,0.356,Person,COVID,73,87,0.5169,Person,Alfredo Rugeles,162,166,0.3615,Place,Covid,123,Ongoing News Story,Ongoing News Stories like 'Brexit',1220701888179359745,COVID-19,,,,,,,,,,,,,,,,,,,,,,,,,,,,,,,,,,,,,,,,,,,,,,,,,,,,,,,,,,,,,,,,,,,,,,,,,
1380922577850396682,1044317006621798400,00ec4c32070f5076,es,78,101,https://t.co/0EMCtjjJYU,https://gofund.me/9cf64ac0,gofund.me/9cf64ac0,0,8,10Abril,Twitter for Android,1380922577850396682,False,7,0,0,0,everyone,"#10Abril. #ServicioP√∫blico 

#URGENTE Juan M Guerra necesita de ti (COVID-19) https://t.co/0EMCtjjJYU",2021-04-10T16:36:13+00:00,38,50,0.6133,Person,Juan M Guerra,,,,,,,,,,,123,Ongoing News Story,Ongoing News Stories like 'Brexit',1220701888179359745,COVID-19,10,26,ServicioP√∫blico,29,37,URGENTE,,,,,,,,,,,,,,,,,,,,,,,,,,,,,,,,,,,,,,,,,,,,,,,,,,,,,,,,,,,,,,,,,,,
1379808960367190020,21964479,00ec4c32070f5076,es,141,164,https://t.co/j9k1Hx5bzw,https://twitter.com/Auxi1984/status/1379808960367190020/photo/1,pic.twitter.com/j9k1Hx5bzw,0,16,ServicioPublico,Twitter for Android,1379808960367190020,False,0,2,0,1,everyone,"#ServicioPublico #Caracas Busco Remdisivir en ampolla para unos primos que tienen #Covid_19 

Si tienen informaci√≥n, porfa escr√≠banme al DM. https://t.co/j9k1Hx5bzw",2021-04-07T14:51:06+00:00,,,,,,,,,,,,,,,,123,Ongoing News Story,Ongoing News Stories like 'Brexit',1220701888179359745,COVID-19,17,25,Caracas,82,91,Covid_19,31379808958525870087,,,,,,,,,,,,,,,,,,,,,,,,,,,,,,,,,,,,,,,,,,,,,,,,,,,,,,,,,,,,,,,,,,
1379222787223650304,111795210,01c93e351e3122fb,es,,,,,,0,16,ServicioPublico,Twitter for Android,1379222787223650304,False,2,0,0,0,everyone,#ServicioPublico | Para paciente con fibrosis pulmonar (Covid-19) en Caracas se requiere con car√°cter de urgencia Pirfenidona (Esbriet). ¬°Gracias!,2021-04-06T00:01:51+00:00,69,75,0.9958,Place,Caracas,,,,,,,,,,,123,Ongoing News Story,Ongoing News Stories like 'Brexit',1220701888179359745,COVID-19,,,,,,,,,,,,,,,,,,,,,,,,,,,,,,,,,,,,,,,,,,,,,,,,,,,,,,,,,,,,,,,,,,,,,,,,,
1377587509450862595,1105601070192119809,015d19216c749864,es,204,227,https://t.co/drF4DwPC9E,https://www.instagram.com/p/CNH0IU_sjrZ/?igshid=1829hddpoddn0,instagram.com/p/CNH0IU_sjrZ/‚Ä¶,0,16,ServicioPublico,Instagram,1377587509450862595,False,0,0,0,0,everyone,"#ServicioPublico #MarbelisMiranda

Hoy necesita de nosotros.

Pedimos hoy, una mano amiga para que nuestra amiga pueda tener todos los recursos para enfrentar la COVID-19.

#PorLaSaludYLaVida en Carabobo https://t.co/drF4DwPC9E",2021-04-01T11:43:51+00:00,195,202,0.9894,Place,Carabobo,,,,,,,,,,,123,Ongoing News Story,Ongoing News Stories like 'Brexit',1220701888179359745,COVID-19,17,33,MarbelisMiranda,173,191,PorLaSaludYLaVida,,Point,-67.98,10.193,,,,,,,,,,,,,,,,,,,,,,,,,,,,,,,,,,,,,,,,,,,,,,,,,,,,,,,,,,,,,,,
1377341868011229184,1260764204082049024,00ec4c32070f5076,es,213,236,https://t.co/kEwtMFemeP,https://twitter.com/Sentir_UCVista/status/1377341868011229184/photo/1,pic.twitter.com/kEwtMFemeP,0,16,ServicioPublico,Twitter for Android,1377341868011229184,False,14,0,9,1,everyone,"#ServicioPublico | Se requiere con car√°cter de urgencia, para paciente COVID-19+ familiar de estudiantes de la #UCV

‚ö†Ô∏è Concentrador de Ox√≠geno de 10L ‚ö†Ô∏è

Cualquier tipo de informaci√≥n, contactar al: 0414-2335964 https://t.co/kEwtMFemeP",2021-03-31T19:27:45+00:00,,,,,,,,,,,,,,,,123,Ongoing News Story,Ongoing News Stories like 'Brexit',1220701888179359745,COVID-19,111,115,UCV,,,,31377341862390956042,,,,,,,,,,,,,,,,,,,,,,,,,,,,,,,,,,,,,,,,,,,,,,,,,,,,,,,,,,,,,,,,,,
1377338834585747457,2539085183,00ec4c32070f5076,es,163,186,https://t.co/MLpmBp9kye,https://twitter.com/valeriaaortizm/status/1377338834585747457/photo/1,pic.twitter.com/MLpmBp9kye,0,16,ServicioPublico,Twitter for iPhone,1377338834585747457,False,0,0,0,0,everyone,"#ServicioPublico Se solicita concentrador de ox√≠geno de 10lts para paciente de 67 a√±os con COVID-19. 

T√≠o de mi amiga Maria Caiafa
Cualquier cosa al 0424-2559888 https://t.co/MLpmBp9kye",2021-03-31T19:15:42+00:00,56,60,0.2393,Organization,10lts,119,130,0.9571,Person,Maria Caiafa,,,,,,123,Ongoing News Story,Ongoing News Stories like 'Brexit',1220701888179359745,COVID-19,,,,,,,31377338826285273092,,,,,,,,,,,,,,,,,,,,,,,,,,,,,,,,,,,,,,,,,,,,,,,,,,,,,,,,,,,,,,,,,,
1376983195502182409,21964479,00ec4c32070f5076,es,128,151,https://t.co/FtoKhqGxnN,https://www.gofundme.com/f/fondos-de-ayuda-para-yajaira-por-covid19?utm_source=whatsapp-visit&utm_medium=chat&utm_campaign=p_cp+share-sheet,gofundme.com/f/fondos-de-ay‚Ä¶,14,30,ServicioPublico,Twitter for Android,1376983195502182409,False,6,0,2,0,everyone,"@fundasperven #ServicioPublico 
Yajaira necesita apoyo para superar la COVID-19. M√°s detalles, link de GoFundMe para ayudarlaüëá:
https://t.co/FtoKhqGxnN
@torresale71 @GreyMena",2021-03-30T19:42:31+00:00,32,38,0.4958,Person,Yajaira,,,,,,,,,,,123,Ongoing News Story,Ongoing News Stories like 'Brexit',1220701888179359745,COVID-19,,,,,,,,,,,0,13,fundasperven,152,164,torresale71,165,174,GreyMena,399630167,,,,,,,,,,,,,,,,,,,,,,,,,,,,,,,,,,,,,,,,,,,,,,,,,,,,,
1373414918528061440,67153643,01c93e351e3122fb,es,211,234,https://t.co/HNhY5ndAQK,https://twitter.com/LidkRodelo/status/1373414918528061440/photo/1,pic.twitter.com/HNhY5ndAQK,0,16,ServicioP√∫blico,Twitter for Android,1373414918528061440,False,156,1,34,2,everyone,"#ServicioP√∫blico Para paciente con COVID-19 en #Guarenas se requiere con urgencia, en calidad de donaci√≥n, lo siguiente:

‚àö Levofloxacina 500mg ampollas

‚àö Bombona de ox√≠geno

Contacto: Yuviris Coy
0424-1374295 https://t.co/HNhY5ndAQK",2021-03-20T23:23:28+00:00,,,,,,,,,,,,,,,,123,Ongoing News Story,Ongoing News Stories like 'Brexit',1220701888179359745,COVID-19,47,56,Guarenas,,,,31373414915894095876,,,,,,,,,,,,,,,,,,,,,,,,,,,,,,,,,,,,,,,,,,,,,,,,,,,,,,,,,,,,,,,,,,
1371855359510478853,130672677,00ec4c32070f5076,es,155,178,https://t.co/m9clSebp5U,https://twitter.com/milmanrique/status/1371855359510478853/photo/1,pic.twitter.com/m9clSebp5U,0,7,16marz,Twitter for iPhone,1371855359510478853,False,226,6,23,1,everyone,"#16marz #ServicioPublico 

üÜò Con car√°cter de URGENCIA buscamos este medicamento para paciente con #covid_19 en Caracas 

‚û°Ô∏è TOCILIZUMAB 200mg 

#Venezuela https://t.co/m9clSebp5U",2021-03-16T16:06:20+00:00,112,118,0.9925,Place,Caracas,,,,,,,,,,,123,Ongoing News Story,Ongoing News Stories like 'Brexit',1220701888179359745,COVID-19,8,24,ServicioPublico,98,107,covid_19,31371855356092149766,,,,,,,,,,,,,,144,154,Venezuela,,,,,,,,,,,,,,,,,,,,,,,,,,,,,,,,,,,,,,,,,,,,,,,,,,
1371236110253326347,111312959,01d677e97eae46b3,es,267,290,https://t.co/7bgOARvS2S,https://twitter.com/FagroLUZ/status/1371236110253326347/photo/1,pic.twitter.com/7bgOARvS2S,0,16,ServicioPublico,Twitter for Android,1371236110253326347,False,30,0,18,0,everyone,"#ServicioPublico Recurrimos a tu apoyo y generosidad para ayudar a nuestro compa√±ero Werner Guti√©rrez Ferrer, exdecano de FagroLUZ, y su esposa Mirvana Boves, egresada de esta facultad,quienes en estos momentos padecen Covid-19. Dios les compense. (Inf en el flyer). https://t.co/7bgOARvS2S",2021-03-14T23:05:39+00:00,85,107,0.9604,Person,Werner Guti√©rrez Ferrer,122,129,0.4323,Person,FagroLUZ,144,156,0.5873,Person,Mirvana Boves,123,Ongoing News Story,Ongoing News Stories like 'Brexit',1220701888179359745,COVID-19,,,,,,,31371236106910453762,,,,,,,,,,,,,,,,,,,,,,,,,,,,,,,,,,,,,,,,,,,,,,,,,,,,,,,,,,,,,,,,,,
1358000799419367424,67153643,00dd051c4ae032b0,es,224,247,https://t.co/zQDW6OOEOH,https://twitter.com/LidkRodelo/status/1358000799419367424/photo/1,pic.twitter.com/zQDW6OOEOH,0,16,ServicioP√∫blico,Twitter for Android,1358000799419367424,False,21,0,8,0,everyone,"#ServicioP√∫blico Para la abuela del dirigente estudiantil @LuisPalaciosHe presidente de la FCU-UCV, hospitalizada por COVID-19, se requiere con urgencia:

‚àö Enoxapirina 60mg
‚àö Metilprednisolona 200mg

Contacto: 0414-9122533 https://t.co/zQDW6OOEOH",2021-02-06T10:33:15+00:00,91,97,0.4852,Organization,FCU-UCV,,,,,,,,,,,123,Ongoing News Story,Ongoing News Stories like 'Brexit',1220701888179359745,COVID-19,,,,,,,31358000797053763584,,,,58,73,LuisPalaciosHe,,,,,,,,,,,,,,,,,,,,,,,,,,,,,,,,,,,,,,,,,,,,,,,,,,,,,,,,,,,,
1356010119197294594,182972567,01cb69a764a68d10,es,,,,,,0,16,ServicioP√∫blico,Twitter for Android,1356010119197294594,False,8,1,4,0,everyone,"#ServicioP√∫blico: Se necesita para paciente con Covid 19 el medicamento Clexane o Enoxparina en ampolla 40 mg y pa√±ales desechables. El paciente es un  adulto mayor funcionario de la @meridaalcaldia  Regidor de un Mercado Municipal. Telf contacto +58 414-7006978. 
#M√©rida",2021-01-31T22:43:00+00:00,48,52,0.2411,Organization,Covid,214,230,0.4963,Place,Mercado Municipal,,,,,,123,Ongoing News Story,Ongoing News Stories like 'Brexit',1220701888179359745,COVID-19,265,272,M√©rida,,,,,,,,183,198,meridaalcaldia,,,,,,,,,,,,,,,,,,,,,,,,,,,,,,,,,,,,,,,,,,,,,,,,,,,,,,,,,,,,
1354536911629594627,182972567,0058b0cb7e695890,es,,,,,,0,16,ServicioP√∫blico,Twitter for Android,1354536911629594627,False,15,1,5,0,everyone,"#ServicioP√∫blico Paciente recluida en el IHULA por #Covid_19 con complicaciones renales se requiere. 
üîπCat√©ter Bilumen 16cm 
12fr x 20cm 
14fr x 20 cm 
üîπEnoxaparina s√≥dica de 40 MG
üîπmonteluskat
üîπaspirina
üîπvitamina C
Cualquier informaci√≥n al 04141797005 
#M√©rida",2021-01-27T21:09:00+00:00,41,45,0.3326,Place,IHULA,,,,,,,,,,,123,Ongoing News Story,Ongoing News Stories like 'Brexit',1220701888179359745,COVID-19,51,60,Covid_19,254,261,M√©rida,,,,,,,,,,,,,,,,,,,,,,,,,,,,,,,,,,,,,,,,,,,,,,,,,,,,,,,,,,,,,,,,,,,
1347986632415338496,113471800,01a73d6169f504ac,und,52,75,https://t.co/yDqIfFsUR1,https://twitter.com/bleimamr/status/1347986632415338496/photo/1,pic.twitter.com/yDqIfFsUR1,0,16,ServicioP√∫blico,Twitter for Android,1347986632415338496,False,0,0,1,0,everyone,"#ServicioP√∫blico 
#Covid_19 
#Solidaridad 
#Tachira https://t.co/yDqIfFsUR1",2021-01-09T19:20:32+00:00,,,,,,,,,,,,,,,,123,Ongoing News Story,Ongoing News Stories like 'Brexit',1220701888179359745,COVID-19,18,27,Covid_19,29,41,Solidaridad,31347986625972887554,,,,,,,,,,,,,,43,51,Tachira,,,,,,,,,,,,,,,,,,,,,,,,,,,,,,,,,,,,,,,,,,,,,,,,,,
1345168985390800896,146741538,01cb69a764a68d10,es,227,250,https://t.co/YPMJ2rV6QG,https://www.gofundme.com/f/ayudemos-a-lalito-a-vencer-el-covid-19?utm_source=whatsapp-visit&utm_medium=chat&utm_campaign=p_cp+share-sheet,gofundme.com/f/ayudemos-a-l‚Ä¶,0,6,01Ene,Twitter for Android,1345168985390800896,False,21,0,3,0,everyone,"#01Ene #ServicioPublico 
Ayudemos a Lalito a vencer el COVID 19
El es el Dr. Edgar Rangel ‚ÄúLalo‚Äù, t√≠o de mis queridos amigos Maria y Libio. A continuaci√≥n la hija de Lalo nos detalla la situaci√≥n:
Mi pap√°, el Dr.‚Ä¶
Lee m√°s aqu√≠ https://t.co/YPMJ2rV6QG",2021-01-02T00:44:12+00:00,73,88,0.9007,Person,Dr. Edgar Rangel,125,129,0.9193,Person,Maria,133,137,0.3472,Place,Libio,123,Ongoing News Story,Ongoing News Stories like 'Brexit',1220701888179359745,COVID-19,7,23,ServicioPublico,,,,,,,,,,,,,,,,,,,,,166,169,0.6769,Person,Lalo,,,,,,,,,,,,,,,,,,,,,,,,,,,,,,,,,,,,,,,,,,,,,
1342962441920122881,632322871,01a73d6169f504ac,es,271,294,https://t.co/jBtpcTwYxl,https://twitter.com/TachiraNews/status/1342962441920122881/photo/1,pic.twitter.com/jBtpcTwYxl,0,16,ServicioP√∫blico,Twitter for Android,1342962441920122881,False,5,0,0,0,everyone,"#ServicioP√∫blico Estimados amigos: Cheo Pe√±aloza nos necesita!!, Educador y dirigente de Copei T√°chira,  solicita nuestra ayuda para superar la COVID-19. Requiere 20 dosis de Ceftriaxona de 1gr y recursos para sufragar los gastos m√©dicos de su tratamiento.

#T√°chiraNews https://t.co/jBtpcTwYxl",2020-12-26T22:36:11+00:00,35,47,0.9569,Person,Cheo Pe√±aloza,89,101,0.659,Organization,Copei T√°chira,,,,,,123,Ongoing News Story,Ongoing News Stories like 'Brexit',1220701888179359745,COVID-19,258,270,T√°chiraNews,,,,31342962406511751168,,,,,,,,,,,,,,,,,,,,,,271,294,https://t.co/jBtpcTwYxl,https://twitter.com/TachiraNews/status/1342962441920122881/photo/1,pic.twitter.com/jBtpcTwYxl,271,294,https://t.co/jBtpcTwYxl,https://twitter.com/TachiraNews/status/1342962441920122881/photo/1,pic.twitter.com/jBtpcTwYxl,31342962425520414726,31342962433648947202,,,,,,,,,,,,,,,,,,,,,,,,,,,,,,,,,
1340489205428961280,220312705,0058b0cb7e695890,es,,,,,,0,8,Urgente,Twitter for iPhone,1340489205428961280,False,2,2,0,1,everyone,"#Urgente Por favor si alguien sabe donde puedo conseguir el medicamento JAKAVI de 5mg en tabletas, para paciente con COVID-19 av√≠seme. #ServicioPublico",2020-12-20T02:48:26+00:00,,,,,,,,,,,,,,,,123,Ongoing News Story,Ongoing News Stories like 'Brexit',1220701888179359745,COVID-19,135,151,ServicioPublico,,,,,,,,,,,,,,,,,,,,,,,,,,,,,,,,,,,,,,,,,,,,,,,,,,,,,,,,,,,,,,,,,,,,,,
1337105214558580738,141844800,009e6b0e445977d6,es,283,306,https://t.co/keoKLpvZ1O,https://twitter.com/RicardoLoDice/status/1337105214558580738/photo/1,pic.twitter.com/keoKLpvZ1O,0,16,SERVICIOP√öBLICO,Twitter for iPhone,1337105214558580738,False,10,0,4,0,everyone,"#SERVICIOP√öBLICO Se necesita #URGENTE para familiar con COVID-19 en Barinas: N-acetilcisteina sobre o amp 600 mg. Cualquier info para compra o donaci√≥n llamar 58 414 5681940 &amp; 58 424 5713523 (Abstenerse estafadores, no se enviar√° $ sin garant√≠a entrega o establecimiento formal) https://t.co/keoKLpvZ1O",2020-12-10T18:41:40+00:00,56,60,0.4542,Organization,COVID,68,74,0.9732,Place,Barinas,,,,,,123,Ongoing News Story,Ongoing News Stories like 'Brexit',1220701888179359745,COVID-19,29,37,URGENTE,,,,31337105209345126408,,,,,,,,,,,,,,,,,,,,,,,,,,,,,,,,,,,,,,,,,,,,,,,,,,,,,,,,,,,,,,,,,,
1317859758733492225,68044616,0046bf5f60971c34,es,,,,,,0,16,ServicioP√∫blico,Twitter for Android,1317859758733492225,False,0,1,0,0,everyone,"#ServicioP√∫blico El periodista Freddy Criollo necesita con urgencia lo siguientes medicamentos para su tratamiento contra el Covid-19 
DOXICICLINA, ATORVASTATINA 
ZINC 
VITAMINAS C y D
FAMOTIDINA, 
CLEXANE, DEXSAMETASONA 
TOCILIZUMAB 
CONTACTO 04120786550",2020-10-18T16:07:05+00:00,31,44,0.978,Person,Freddy Criollo,,,,,,,,,,,123,Ongoing News Story,Ongoing News Stories like 'Brexit',1220701888179359745,COVID-19,,,,,,,,,,,,,,,,,,,,,,,,,,,,,,,,,,,,,,,,,,,,,,,,,,,,,,,,,,,,,,,,,,,,,,,,,
1312820022583201800,123663915,012b6b2c110f0c21,es,216,239,https://t.co/fhgM2YmPPX,https://www.instagram.com/p/CF7nSdmFS8H/?igshid=oolpluqqsvmg,instagram.com/p/CF7nSdmFS8H/‚Ä¶,0,16,ServicioP√∫blico,Instagram,1312820022583201800,True,1,0,1,0,everyone,"#ServicioP√∫blico | El periodista Juan Jos√© Peralta, hospitalizado por COVID_19 requiere con urgencia los medicamentos Favipiravir tab. 200 mg y Remdesivir de 100mg.  Agradecemos tu a apoyo. 

üìå Contacto en la imagen https://t.co/fhgM2YmPPX",2020-10-04T18:20:59+00:00,33,49,0.9849,Person,Juan Jos√© Peralta,144,162,0.3406,Product,Remdesivir de 100mg,,,,,,123,Ongoing News Story,Ongoing News Stories like 'Brexit',1220701888179359745,COVID-19,,,,,,,,Point,-69.30913515,10.06842373,,,,,,,,,,,,,,,,,,,,,,,,,,,,,,,,,,,,,,,,,,,,,,,,,,,,,,,,,,,,,,,
1312540696407089153,256763964,015e5397777769a2,es,184,207,https://t.co/WPgYypb6pN,https://www.instagram.com/p/CF5oQz8BuwL/?igshid=zpb76mfzq56v,instagram.com/p/CF5oQz8BuwL/‚Ä¶,0,16,ServicioP√∫blico,Instagram,1312540696407089153,False,4,0,1,0,everyone,"#ServicioP√∫blico  El Dr. julio Lacruz internado por #Covid_19 en el #Iahula amerita Remdesivir y N- acetilcisteina

Contacto 0424-7667562 #Ay√∫danosAAyudar #M√©rida en M√©rida, Venezuela https://t.co/WPgYypb6pN",2020-10-03T23:51:02+00:00,166,171,0.9834,Place,M√©rida,174,182,0.8619,Place,Venezuela,,,,,,123,Ongoing News Story,Ongoing News Stories like 'Brexit',1220701888179359745,COVID-19,52,61,Covid_19,68,75,Iahula,,Point,-71.1715,8.5834,,,,,,,,,,,138,154,Ay√∫danosAAyudar,,,,,,,,,,,,,,,,,,155,162,M√©rida,,,,,,,,,,,,,,,,,,,,,,,,,,,,,,
1311803509000593409,116193723,0100789d0c41147f,es,257,280,https://t.co/JTYrpYe9ib,https://www.gofundme.com/f/struggling-with-covid19-in-venezuela?utm_source=twitter&utm_medium=social&utm_campaign=p_cp+share-sheet,gofundme.com/f/struggling-w‚Ä¶,0,16,ServicioPublico,Twitter for Android,1311803509000593409,False,5,0,0,0,everyone,"#ServicioPublico En momentos tan algidos donde nos llega una Pandemia Invisible y Letal para muchos que se suma a las q ya nos han deteriorado nuestro nivel de vida llevandonos a una crisis humanitaria sin precedentes 
Struggling with COVID-19 in Venezuela https://t.co/JTYrpYe9ib",2020-10-01T23:01:43+00:00,61,78,0.4557,Other,Pandemia Invisible,247,255,0.9551,Place,Venezuela,,,,,,123,Ongoing News Story,Ongoing News Stories like 'Brexit',1220701888179359745,COVID-19,,,,,,,,,,,,,,,,,,,,,,,,,,,,,,,,,,,,,,,,,,,,200,https://www.gofundme.com/f/struggling-with-covid19-in-venezuela?utm_source=twitter&utm_medium=social&utm_campaign=p_cp+share-sheet,,,,,,,,,,,,,,,,,,,,,,,,,,,,
1311380447453208578,116876568,015d19216c749864,es,,,,,,0,16,ServicioP√∫blico,Twitter for Android,1311380447453208578,False,268,0,41,0,everyone,"#ServicioP√∫blico Familiares de Aura de Castillo, de 69 a√±os, con neumon√≠a por Covid-19, solicitan apoyo con medicamentos: Ceftriaxone ampollas 1mg, Dexametasona 8mg endovenoso, Deflazacort oral, 30 mg.Clexane 60mg, subcut√°neo.Remdesivir, 200mg endovenoso. Contacto: 04149218374",2020-09-30T19:00:37+00:00,31,46,0.4792,Person,Aura de Castillo,78,82,0.3317,Place,Covid,,,,,,123,Ongoing News Story,Ongoing News Stories like 'Brexit',1220701888179359745,COVID-19,,,,,,,,,,,,,,,,,,,,,,,,,,,,,,,,,,,,,,,,,,,,,,,,,,,,,,,,,,,,,,,,,,,,,,,,,
1309881221233750016,933175792699363328,0152c0f36270f8b1,es,,,,,,0,16,ServicioPublico,Twitter for iPhone,1309881221233750016,False,20,0,5,0,everyone,"#ServicioPublico | Se requiere con car√°cter de urgencia para paciente con Covid-19 en Calabozo, estado Gu√°rico:
-soluci√≥n 0,45.

Para mayor informaci√≥n contactar al: 04142968909",2020-09-26T15:43:14+00:00,74,78,0.3493,Organization,Covid,86,93,0.9311,Place,Calabozo,103,109,0.7902,Place,Gu√°rico,123,Ongoing News Story,Ongoing News Stories like 'Brexit',1220701888179359745,COVID-19,,,,,,,,,,,,,,,,,,,,,,,,,,,,,,,,,,,,,,,,,,,,,,,,,,,,,,,,,,,,,,,,,,,,,,,,,
1306609759672393734,126967725,01d677e97eae46b3,es,217,240,https://t.co/lMnz7FMEyF,https://www.instagram.com/p/CFPfL-XJJRz/?igshid=1co5sb8sdz010,instagram.com/p/CFPfL-XJJRz/‚Ä¶,0,16,ServicioPublico,Instagram,1306609759672393734,False,1,0,0,0,everyone,"#ServicioPublico
Al Dr. Fern√°ndez se le practic√≥ una Colostom√≠a y se complic√≥  a causa del #COVID-19. 
Para tu valioso apoyo:

Lucrecia Garcia Ci 7810023 Corriente BOD
0116 0106 510011645920 en Maracaibo Estado Zulia https://t.co/lMnz7FMEyF",2020-09-17T15:03:36+00:00,20,32,0.9621,Person,Dr. Fern√°ndez,127,144,0.381,Person,Lucrecia Garcia Ci,194,215,0.7253,Place,Maracaibo Estado Zulia,123,Ongoing News Story,Ongoing News Stories like 'Brexit',1220701888179359745,COVID-19,91,97,COVID,,,,,Point,-71.5945221,10.65063429,,,,,,,,,,,,,,,,,,,,,,,,,,,,,,,,,,,,,,,,,,,,,,,,,,,,,,,,,,,,,,,
1303783225777684480,108655016,00ec4c32070f5076,es,179,202,https://t.co/K62AUhT5eX,https://twitter.com/JesusFBolivarAD/status/1303783225777684480/photo/1,pic.twitter.com/K62AUhT5eX,0,16,ServicioP√∫blico,Twitter for Android,1303783225777684480,False,10,0,4,0,everyone,"#ServicioP√∫blico A todos nuestra gente de #Caracas ayudemos al querido amigo @goyocaribash quien se encuentra peleando esta dura batalla contra el #Covid_19. 
Saldremos Adelante! https://t.co/K62AUhT5eX",2020-09-09T19:51:58+00:00,,,,,,,,,,,,,,,,123,Ongoing News Story,Ongoing News Stories like 'Brexit',1220701888179359745,COVID-19,42,50,Caracas,147,156,Covid_19,31303783221751095303,,,,77,90,goyocaribash,,,,,,,,,,,,,,,,,,,,,,,,,,,,,,,,,,,,,,,,,,,,,,,,,,,,,,,,,,,,
1301989943720521728,62160841,0198c6f108778b40,es,,,,,,44,52,URGENTE,Twitter for Android,1301989943720521728,False,0,1,2,0,everyone,Exijo al gobierno de @NicolasMaduro atender #URGENTE los pedidos de #Remdesivir para todas aquellas personas que no cuentan con recursos econ√≥micos para adquirir una ampolla por $ 400 ... #SERVICIOPUBLICO #SOS #Covid_19 #Maracay #Aragua,2020-09-04T21:06:07+00:00,,,,,,,,,,,,,,,,123,Ongoing News Story,Ongoing News Stories like 'Brexit',1220701888179359745,COVID-19,68,79,Remdesivir,188,204,SERVICIOPUBLICO,,,,,21,35,NicolasMaduro,,,,,,,,205,209,SOS,,,,,,,,,,,,,,,,,,210,219,Covid_19,,,220,228,Maracay,229,236,Aragua,10,Person,Named people in the world like Nelson Mandela,839575776999583745,Nicol√°s Maduro,President of Venezuela Nicol√°s Maduro,35,Politician,"Politicians in the world, like Joe Biden",839575776999583745,Nicol√°s Maduro,President of Venezuela Nicol√°s Maduro,,,,,,,,,,
1301686379789930497,116876568,015d19216c749864,es,,,,,,0,16,ServicioP√∫blico,Twitter for Android,1301686379789930497,False,181,0,39,2,everyone,"#ServicioP√∫blico: Para paciente Stefano Dodi, recluido en la UCI del Hospital Metropolitano del Norte en Valencia, se requieren con urgencia donantes de sangre ( para plasma ) que hayan superado la Covid-19. Quienes puedan colaborar, contacten a Francesca Dodi +58 424-4437434.",2020-09-04T00:59:51+00:00,32,43,0.9877,Person,Stefano Dodi,69,100,0.4171,Place,Hospital Metropolitano del Norte,105,112,0.9403,Place,Valencia,123,Ongoing News Story,Ongoing News Stories like 'Brexit',1220701888179359745,COVID-19,,,,,,,,,,,,,,,,,,,,,,,,246,259,0.9772,Person,Francesca Dodi,,,,,,,,,,,,,,,,,,,,,,,,,,,,,,,,,,,,,,,,,,,,,
1300357610105974786,182972567,01cb69a764a68d10,es,245,268,https://t.co/jZemCxHebH,https://twitter.com/GilsonRojasL/status/1300253493224255489/photo/1,pic.twitter.com/jZemCxHebH,0,16,ServicioP√∫blico,Twitter for Android,1300357610105974786,False,0,0,1,0,everyone,"#ServicioP√∫blico  #Urgente Para Dr. Luis Manuel Guilarte, (nefr√≥logo), paciente #Covid19 hospitalizado en  @IAHULAOFICIAL  se requieren ampollas de REMDESIVIR. 
Este medicamento forma parte del esquema de atenci√≥n Covid-19 previsto por el MPPS. https://t.co/jZemCxHebH",2020-08-31T08:59:48+00:00,32,55,0.716,Person,Dr. Luis Manuel Guilarte,239,242,0.5711,Organization,MPPS,,,,,,123,Ongoing News Story,Ongoing News Stories like 'Brexit',1220701888179359745,COVID-19,18,26,Urgente,80,88,Covid19,31300253476241502208,,,,107,121,IAHULAOFICIAL,,,,,,,,,,,,,,,,,,,,,,,,,,,,,,,,,,,,,,,,,,,,,,,,,,,,,,,,,,,,
1300174772387680256,182972567,01cb69a764a68d10,es,,,,,,0,16,ServicioP√∫blico,Twitter for Android,1300174772387680256,False,30,2,3,0,everyone,#ServicioP√∫blico  #IAHULA  #Merida Con car√°cter de URGENCIA se necesita para el Dr. Luis Manuel Guilarte (Nefrologo)  el medicamento TOCILIZUMAB en ampolla.04247556341 #Covid_19,2020-08-30T20:53:16+00:00,80,103,0.7134,Person,Dr. Luis Manuel Guilarte,,,,,,,,,,,123,Ongoing News Story,Ongoing News Stories like 'Brexit',1220701888179359745,COVID-19,18,25,IAHULA,27,34,Merida,,,,,,,,,,,,,,,168,177,Covid_19,,,,,,,,,,,,,,,,,,,,,,,,,,,,,,,,,,,,,,,,,,,,,,,,,,
1296021803811459074,70879905,0137799d4f960b21,es,278,301,https://t.co/fk5GmyIP93,https://twitter.com/RCR750/status/1296021803811459074/photo/1,pic.twitter.com/fk5GmyIP93,0,16,ServicioP√∫blico,Twitter for Android,1296021803811459074,False,228,8,24,2,everyone,"#ServicioP√∫blico Anobis Tapia, paciente positivo a COVID-19 + Bula Pulmonar, de 46 a√±os, requiere con car√°cter de URGENCIA seis ampollas del medicamento REMDESIVIR para hacer frente al virus. Quien sepa donde conseguirlo favor comunicarse al 0424.123.2208. ¬°Ayudemos con un RT! https://t.co/fk5GmyIP93",2020-08-19T09:50:51+00:00,17,28,0.7862,Person,Anobis Tapia,51,55,0.3709,Organization,COVID,,,,,,123,Ongoing News Story,Ongoing News Stories like 'Brexit',1220701888179359745,COVID-19,,,,,,,31296021758546509829,,,,,,,,,,,,,,,,,,,,,,278,301,https://t.co/fk5GmyIP93,https://twitter.com/RCR750/status/1296021803811459074/photo/1,pic.twitter.com/fk5GmyIP93,,,,,,31296021801148067841,,,,,,,,,,,,,,,,,,,,,,,,,,,,,,,,,,
1295056923046412295,53517714,01c93e351e3122fb,und,28,51,https://t.co/bbZeIjGOjr,https://twitter.com/miguelpin/status/1295055778802536448,twitter.com/miguelpin/stat‚Ä¶,0,16,ServicioPublico,Twitter for iPhone,1295056923046412295,False,1,0,1,0,everyone,#ServicioPublico #COVID__19 https://t.co/bbZeIjGOjr,2020-08-16T17:56:46+00:00,,,,,,,,,,,,,,,,123,Ongoing News Story,Ongoing News Stories like 'Brexit',1220701888179359745,COVID-19,17,27,COVID__19,,,,,,,,,,,,,,,,,,,,,,,,,,,,,,,,,,,,,,,,,,,,,,,,,,,,,,,,,,,,,quoted,1295055778802536448,,,,,,,,
1292290520212025345,1507529629,00ec4c32070f5076,es,122,145,https://t.co/TmKvoheD9J,https://twitter.com/OdLuisMarcano/status/1292290520212025345/photo/1,pic.twitter.com/TmKvoheD9J,0,16,ServicioPublico,Twitter for Android,1292290520212025345,False,23,0,2,0,everyone,"#ServicioPublico 

Para el colega Juan Carlos Uzcategui en terapia intensiva a causa del COVID-19

Quien pueda ayudar üëâüëâüëâ https://t.co/TmKvoheD9J",2020-08-09T02:44:04+00:00,34,54,0.9605,Person,Juan Carlos Uzcategui,,,,,,,,,,,123,Ongoing News Story,Ongoing News Stories like 'Brexit',1220701888179359745,COVID-19,,,,,,,31292290516521029632,,,,,,,,,,,,,,,,,,,,,,,,,,,,,,,,,,,,,,,,,,,,,,,,,,,,,,,,,,,,,,,,,,
1251559480606756865,1248364973883039745,00ec4c32070f5076,und,43,66,https://t.co/wSvXliLOQe,https://twitter.com/ffeomaria/status/1251259434321489921,twitter.com/ffeomaria/stat‚Ä¶,0,10,Servicios,Twitter for Android,1251559480606756865,False,0,0,0,0,everyone,#Servicios #ServicioPublico #Covid_19 üëêüëêüëêüëê https://t.co/wSvXliLOQe,2020-04-18T17:13:27+00:00,,,,,,,,,,,,,,,,123,Ongoing News Story,Ongoing News Stories like 'Brexit',1220701888179359745,COVID-19,11,27,ServicioPublico,28,37,Covid_19,,,,,,,,,,,,,,,,,,,,,,,,,,,,,,,,,,,,,,,,,,,,,,,,,,,,,,,,,,quoted,1251259434321489921,,,,,,,,
1251483624114921473,144339949,00ec4c32070f5076,es,,,,,,0,11,BuenosD√≠as,Twitter for Android,1251483624114921473,False,14,3,6,1,everyone,"#BuenosD√≠as Vzla

En la Parroquia Altagracia justo detr√°s del Palacio de Miraflores seguimos #SinAgua desde hace 10 d√≠as.

Igualmente La Pastora, Av. Baralt, Santa Rosalia

#ServicioPublico has #RETWETT y comenta que otras zonas de caracas permanecen sin agua 

#Covid_19
#18abr",2020-04-18T12:12:02+00:00,12,15,0.5762,Place,Vzla,24,43,0.8547,Place,Parroquia Altagracia,62,82,0.914,Place,Palacio de Miraflores,123,Ongoing News Story,Ongoing News Stories like 'Brexit',1220701888179359745,COVID-19,93,101,SinAgua,173,189,ServicioPublico,,,,,,,,,,,,,,,194,202,RETWETT,146,170,0.3859,Place,"Av. Baralt, Santa Rosalia",,,,,,,,,,,,,262,271,Covid_19,,,272,278,18abr,,,,,,,,,,,,,,,,,,232,238,0.5891,Place,caracas,,,
1241405983777267713,199125021,008eb02a542ac3d4,es,196,219,https://t.co/J88jsA3iGW,https://twitter.com/k3kmir/status/1241405983777267713/photo/1,pic.twitter.com/J88jsA3iGW,83,92,Covid_19,Twitter for Android,1241405983777267713,False,0,0,0,0,everyone,"Este perrito fue encontrado en La Floresta, si alguien conoce a su due√±o, escriban #Covid_19 $#CuarentenaPorLaVida $#FelizSabado #QuedateEnCasa #Caracas #ServicioPublico #MeQuedoEnCasa #Venezuela https://t.co/J88jsA3iGW",2020-03-21T16:47:05+00:00,31,41,0.9582,Place,La Floresta,,,,,,,,,,,123,Ongoing News Story,Ongoing News Stories like 'Brexit',1220701888179359745,COVID-19,94,114,CuarentenaPorLaVida,116,128,FelizSabado,31241405970946895872,,,,,,,,,,,,,,129,143,QuedateEnCasa,,,,,,,,,,,,,,,,,,144,152,Caracas,,,153,169,ServicioPublico,170,184,MeQuedoEnCasa,,,,,,,,,,,,,,,,,,,,185,195,Venezuela
1240074497266458627,2309419350,00ec4c32070f5076,und,81,104,https://t.co/QbRVgi2ykd,https://twitter.com/Novohotelexpres/status/1240074497266458627/photo/1,pic.twitter.com/QbRVgi2ykd,0,16,ServicioP√∫blico,Twitter for Android,1240074497266458627,False,0,0,2,0,everyone,#ServicioP√∫blico #Coronavirus #Covid19 #Covid_19 #Prevenci√≥n #Caracas #Venezuela https://t.co/QbRVgi2ykd,2020-03-18T00:36:14+00:00,,,,,,,,,,,,,,,,123,Ongoing News Story,Ongoing News Stories like 'Brexit',1220701888179359745,COVID-19,17,29,Coronavirus,30,38,Covid19,31240074467793154051,,,,,,,,,,,,,,39,48,Covid_19,,,,,,,,,,,,,,,,,,49,60,Prevenci√≥n,,,61,69,Caracas,70,80,Venezuela,,,,,,,,,,,,,,,,,,,,,,
1238449002988875777,162214162,016eb87b25e8a354,es,121,144,https://t.co/5EhXCu2iZ0,https://www.gofundme.com/f/yhy2a-surgery-for-manuel?utm_source=twitter&utm_medium=social&utm_campaign=p_cp+share-sheet,gofundme.com/f/yhy2a-surger‚Ä¶,146,155,Covid_19,Twitter for Android,1238449002988875777,False,3,0,1,0,everyone,"Mi sobrino necesita ser intervenido quir√∫rgicamente para realizar alargamiento de su pierna derecha, ay√∫danos a difundir https://t.co/5EhXCu2iZ0

#Covid_19 #alguiendespierto #saludoplanetario #ServicioPublico",2020-03-13T12:57:06+00:00,,,,,,,,,,,,,,,,123,Ongoing News Story,Ongoing News Stories like 'Brexit',1220701888179359745,COVID-19,156,173,alguiendespierto,174,191,saludoplanetario,,,,,,,,,,,,,,,192,208,ServicioPublico,,,,,,,,,,,,,,,,,,,,,,,,,,,,,,,,,,,,,,,,,,,,,,,,,,
