author_id,text,conversation_id,id,lang,reply_settings,entities/annotations/0/start,entities/annotations/0/end,entities/annotations/0/probability,entities/annotations/0/type,entities/annotations/0/normalized_text,geo/place_id,public_metrics/retweet_count,public_metrics/reply_count,public_metrics/like_count,public_metrics/quote_count,created_at,source,possibly_sensitive,entities/mentions/0/start,entities/mentions/0/end,entities/mentions/0/username,referenced_tweets/0/type,referenced_tweets/0/id,in_reply_to_user_id,entities/urls/0/start,entities/urls/0/end,entities/urls/0/url,entities/urls/0/expanded_url,entities/urls/0/display_url,entities/annotations/1/start,entities/annotations/1/end,entities/annotations/1/probability,entities/annotations/1/type,entities/annotations/1/normalized_text,attachments/media_keys/0,context_annotations/0/domain/id,context_annotations/0/domain/name,context_annotations/0/domain/description,context_annotations/0/entity/id,context_annotations/0/entity/name,context_annotations/1/domain/id,context_annotations/1/domain/name,context_annotations/1/domain/description,context_annotations/1/entity/id,context_annotations/1/entity/name,context_annotations/2/domain/id,context_annotations/2/domain/name,context_annotations/2/domain/description,context_annotations/2/entity/id,context_annotations/2/entity/name,context_annotations/3/domain/id,context_annotations/3/domain/name,context_annotations/3/domain/description,context_annotations/3/entity/id,context_annotations/3/entity/name,entities/hashtags/0/start,entities/hashtags/0/end,entities/hashtags/0/tag,entities/annotations/2/start,entities/annotations/2/end,entities/annotations/2/probability,entities/annotations/2/type,entities/annotations/2/normalized_text,entities/hashtags/1/start,entities/hashtags/1/end,entities/hashtags/1/tag,context_annotations/0/entity/description,context_annotations/1/entity/description,entities/mentions/1/start,entities/mentions/1/end,entities/mentions/1/username,entities/urls/1/start,entities/urls/1/end,entities/urls/1/url,entities/urls/1/expanded_url,entities/urls/1/display_url,attachments/media_keys/1,entities/mentions/2/start,entities/mentions/2/end,entities/mentions/2/username,entities/mentions/3/start,entities/mentions/3/end,entities/mentions/3/username,entities/mentions/4/start,entities/mentions/4/end,entities/mentions/4/username,entities/mentions/5/start,entities/mentions/5/end,entities/mentions/5/username,entities/mentions/6/start,entities/mentions/6/end,entities/mentions/6/username,entities/mentions/7/start,entities/mentions/7/end,entities/mentions/7/username,entities/mentions/8/start,entities/mentions/8/end,entities/mentions/8/username,entities/mentions/9/start,entities/mentions/9/end,entities/mentions/9/username,entities/mentions/10/start,entities/mentions/10/end,entities/mentions/10/username,entities/mentions/11/start,entities/mentions/11/end,entities/mentions/11/username,entities/mentions/12/start,entities/mentions/12/end,entities/mentions/12/username,entities/mentions/13/start,entities/mentions/13/end,entities/mentions/13/username,entities/mentions/14/start,entities/mentions/14/end,entities/mentions/14/username,entities/mentions/15/start,entities/mentions/15/end,entities/mentions/15/username,entities/mentions/16/start,entities/mentions/16/end,entities/mentions/16/username,entities/mentions/17/start,entities/mentions/17/end,entities/mentions/17/username,entities/mentions/18/start,entities/mentions/18/end,entities/mentions/18/username,entities/mentions/19/start,entities/mentions/19/end,entities/mentions/19/username,entities/mentions/20/start,entities/mentions/20/end,entities/mentions/20/username,entities/mentions/21/start,entities/mentions/21/end,entities/mentions/21/username,entities/mentions/22/start,entities/mentions/22/end,entities/mentions/22/username,entities/mentions/23/start,entities/mentions/23/end,entities/mentions/23/username,entities/mentions/24/start,entities/mentions/24/end,entities/mentions/24/username,entities/mentions/25/start,entities/mentions/25/end,entities/mentions/25/username,entities/mentions/26/start,entities/mentions/26/end,entities/mentions/26/username,entities/mentions/27/start,entities/mentions/27/end,entities/mentions/27/username,entities/mentions/28/start,entities/mentions/28/end,entities/mentions/28/username,entities/mentions/29/start,entities/mentions/29/end,entities/mentions/29/username,entities/mentions/30/start,entities/mentions/30/end,entities/mentions/30/username,entities/mentions/31/start,entities/mentions/31/end,entities/mentions/31/username,entities/mentions/32/start,entities/mentions/32/end,entities/mentions/32/username,entities/mentions/33/start,entities/mentions/33/end,entities/mentions/33/username,entities/mentions/34/start,entities/mentions/34/end,entities/mentions/34/username,entities/mentions/35/start,entities/mentions/35/end,entities/mentions/35/username,entities/mentions/36/start,entities/mentions/36/end,entities/mentions/36/username,entities/mentions/37/start,entities/mentions/37/end,entities/mentions/37/username,entities/mentions/38/start,entities/mentions/38/end,entities/mentions/38/username,entities/mentions/39/start,entities/mentions/39/end,entities/mentions/39/username,entities/mentions/40/start,entities/mentions/40/end,entities/mentions/40/username,entities/mentions/41/start,entities/mentions/41/end,entities/mentions/41/username,entities/mentions/42/start,entities/mentions/42/end,entities/mentions/42/username,entities/mentions/43/start,entities/mentions/43/end,entities/mentions/43/username,entities/mentions/44/start,entities/mentions/44/end,entities/mentions/44/username,entities/mentions/45/start,entities/mentions/45/end,entities/mentions/45/username,entities/mentions/46/start,entities/mentions/46/end,entities/mentions/46/username,entities/mentions/47/start,entities/mentions/47/end,entities/mentions/47/username,entities/mentions/48/start,entities/mentions/48/end,entities/mentions/48/username,entities/mentions/49/start,entities/mentions/49/end,entities/mentions/49/username,entities/annotations/3/start,entities/annotations/3/end,entities/annotations/3/probability,entities/annotations/3/type,entities/annotations/3/normalized_text,entities/annotations/4/start,entities/annotations/4/end,entities/annotations/4/probability,entities/annotations/4/type,entities/annotations/4/normalized_text,context_annotations/3/entity/description,context_annotations/4/domain/id,context_annotations/4/domain/name,context_annotations/4/domain/description,context_annotations/4/entity/id,context_annotations/4/entity/name,context_annotations/4/entity/description,entities/hashtags/2/start,entities/hashtags/2/end,entities/hashtags/2/tag
979149295,Capriles se erige como la gran bombona de ox√≠geno de usurpador genocida.,"1,39007412008852E+018","1,39007412008852E+018",es,everyone,0,7,0.9941,Person,Capriles,00ea87127fecbc28,0,0,0,0,2021-05-05T22:41:11+00:00,Twitter for Android,False,,,,,,,,,,,,,,,,,,,,,,,,,,,,,,,,,,,,,,,,,,,,,,,,,,,,,,,,,,,,,,,,,,,,,,,,,,,,,,,,,,,,,,,,,,,,,,,,,,,,,,,,,,,,,,,,,,,,,,,,,,,,,,,,,,,,,,,,,,,,,,,,,,,,,,,,,,,,,,,,,,,,,,,,,,,,,,,,,,,,,,,,,,,,,,,,,,,,,,,,,,,,,,,,,,,,,,,,,,,,,,,
1604386350,Buenos d√≠as quien tenga informaci√≥n exacta y no precios tan abruptos para recargar Bombona de ox√≠geno se le agradece por la informaci√≥n se necesita para un vecino de otra Urbanizaci√≥n cercana a la que vivo,"1,38595078620785E+018","1,38595078620785E+018",es,everyone,,,,,,015d19216c749864,0,1,0,0,2021-04-24T13:36:31+00:00,Twitter for Android,False,,,,,,,,,,,,,,,,,,,,,,,,,,,,,,,,,,,,,,,,,,,,,,,,,,,,,,,,,,,,,,,,,,,,,,,,,,,,,,,,,,,,,,,,,,,,,,,,,,,,,,,,,,,,,,,,,,,,,,,,,,,,,,,,,,,,,,,,,,,,,,,,,,,,,,,,,,,,,,,,,,,,,,,,,,,,,,,,,,,,,,,,,,,,,,,,,,,,,,,,,,,,,,,,,,,,,,,,,,,,,,,
"1,33999914373397E+018","@VirguezFranklin Reflexione!!  Quienes son los reales genocidas ? ... 1 bombona de ox√≠geno costaba 40$ y ahora 400$.... salud. Una harina pan costaba 0,70$ ahora 1,20$ Comida ...genocida es el gobierno o somos nosotros mismos !  Maldito oportunismo CRIOLLO ! Ven por qu√© ? No cae el sistema ! üî∫üî∫","1,38594306318548E+018","1,38595015227655E+018",es,everyone,,,,,,0198c6f108778b40,0,0,0,0,2021-04-24T13:34:00+00:00,Twitter for Android,False,0,16,VirguezFranklin,replied_to,"1,38594306318548E+018",539280264,,,,,,,,,,,,,,,,,,,,,,,,,,,,,,,,,,,,,,,,,,,,,,,,,,,,,,,,,,,,,,,,,,,,,,,,,,,,,,,,,,,,,,,,,,,,,,,,,,,,,,,,,,,,,,,,,,,,,,,,,,,,,,,,,,,,,,,,,,,,,,,,,,,,,,,,,,,,,,,,,,,,,,,,,,,,,,,,,,,,,,,,,,,,,,,,,,,,,,,,,,,,,,,,,,,,,,,,,
"1,33999914373397E+018","Reflexione!!  Quienes son los reales genocidas ? ... 1 bombona de ox√≠geno costaba 40$ y ahora 400$.... salud. Una harina pan costaba 0,70$ ahora 1,20$ Comida ...genocida es el gobierno o somos nosotros mismos !  Maldito oportunismo CRIOLLO ! Ven por qu√© ? No cae el sistema ! üî∫üî∫","1,38594791618823E+018","1,38594791618823E+018",es,everyone,,,,,,0198c6f108778b40,0,0,5,0,2021-04-24T13:25:07+00:00,Twitter for Android,False,,,,,,,,,,,,,,,,,,,,,,,,,,,,,,,,,,,,,,,,,,,,,,,,,,,,,,,,,,,,,,,,,,,,,,,,,,,,,,,,,,,,,,,,,,,,,,,,,,,,,,,,,,,,,,,,,,,,,,,,,,,,,,,,,,,,,,,,,,,,,,,,,,,,,,,,,,,,,,,,,,,,,,,,,,,,,,,,,,,,,,,,,,,,,,,,,,,,,,,,,,,,,,,,,,,,,,,,,,,,,,,
1388509382,"Muchos pagan lo que no tienen por una bombona de oxigeno...Ya son tres d√≠as quemando nuestro pulm√≥n Vegetal frente a Terrazas del mar y Guadalupe, via el Rinc√≥n y Nadie hace nada. https://t.co/2rkMmhOdzU","1,38523372017354E+018","1,38523372017354E+018",es,everyone,117,132,0.8772,Place,Terrazas del mar,018deff91b0b23b7,0,0,0,0,2021-04-22T14:07:09+00:00,Twitter for Android,False,,,,,,,180,203,https://t.co/2rkMmhOdzU,https://twitter.com/Yadira_Virgo/status/1385233720173543426/photo/1,pic.twitter.com/2rkMmhOdzU,136,144,0.6676,Place,Guadalupe,"3,13852336738307E+019",,,,,,,,,,,,,,,,,,,,,,,,,,,,,,,,,,,,,,,,,,,,,,,,,,,,,,,,,,,,,,,,,,,,,,,,,,,,,,,,,,,,,,,,,,,,,,,,,,,,,,,,,,,,,,,,,,,,,,,,,,,,,,,,,,,,,,,,,,,,,,,,,,,,,,,,,,,,,,,,,,,,,,,,,,,,,,,,,,,,,,,,,,,,,,,,,,,,,,,,,,,,,,
116740158,"#ServicioPublico

Se solicita bombona de oxigeno para Carla Angola.
Se la pueden llevar a su cuenta tuiter.","1,38503333206963E+018","1,38503333206963E+018",es,everyone,54,65,0.9729,Person,Carla Angola,0032a06455f7e1ea,0,0,2,0,2021-04-22T00:50:53+00:00,Twitter for Android,False,,,,,,,,,,,,,,,,,,10,Person,Named people in the world like Nelson Mandela,"1,1380916025875E+018",Carla Angola,46,Brand Category,Categories within Brand Verticals that narrow down the scope of Brands,"7,81974596752843E+017",Services,47,Brand,Brands and Companies,10045225402,Twitter,94,Journalist,A journalist like 'Anderson Cooper',"1,1380916025875E+018",Carla Angola,0,16,ServicioPublico,,,,,,,,,,,,,,,,,,,,,,,,,,,,,,,,,,,,,,,,,,,,,,,,,,,,,,,,,,,,,,,,,,,,,,,,,,,,,,,,,,,,,,,,,,,,,,,,,,,,,,,,,,,,,,,,,,,,,,,,,,,,,,,,,,,,,,,,,,,,,,,,,,,,,,,,,,,,,,,,,,,,,,,,,,,,,,,,,,,,,,,
132371425,"Buenas noches, por favor quien me puede colaborar e informarme donde se puede conseguir una bombona de ox√≠geno en 
Maracaibo,  gracias","1,38358778795007E+018","1,38358778795007E+018",es,everyone,114,123,859,Place,Maracaibo,01be351754bcbe13,0,0,0,0,2021-04-18T01:06:49+00:00,Twitter for Android,False,,,,,,,,,,,,,,,,,,,,,,,,,,,,,,,,,,,,,,,,,,,,,,,,,,,,,,,,,,,,,,,,,,,,,,,,,,,,,,,,,,,,,,,,,,,,,,,,,,,,,,,,,,,,,,,,,,,,,,,,,,,,,,,,,,,,,,,,,,,,,,,,,,,,,,,,,,,,,,,,,,,,,,,,,,,,,,,,,,,,,,,,,,,,,,,,,,,,,,,,,,,,,,,,,,,,,,,,,,,,,,,
67153643,"#ServicioP√∫blico El profesor Luis D√°vila del CP Jes√∫s Ma Marrero de #Guarenas requiere ayuda econ√≥mica para costear los medicamentos y la recarga de la bombona de ox√≠geno que, gracias a Dios, su familia ya le consigui√≥. Cualquier aporte, por peque√±o q sea, cuenta y vale mucho ‚ù§Ô∏è https://t.co/6dYq1sb54J","1,38270624279208E+018","1,38270624279208E+018",es,everyone,29,39,0.9791,Person,Luis D√°vila,00dd051c4ae032b0,39,1,10,2,2021-04-15T14:43:52+00:00,Twitter for Android,False,,,,,,,280,303,https://t.co/6dYq1sb54J,https://twitter.com/LidkRodelo/status/1382706242792079363/photo/1,pic.twitter.com/6dYq1sb54J,48,63,0.9322,Person,Jes√∫s Ma Marrero,"3,13827062355947E+019",,,,,,,,,,,,,,,,,,,,,0,16,ServicioP√∫blico,186,189,0.9368,Other,Dios,68,77,Guarenas,,,,,,,,,,,,,,,,,,,,,,,,,,,,,,,,,,,,,,,,,,,,,,,,,,,,,,,,,,,,,,,,,,,,,,,,,,,,,,,,,,,,,,,,,,,,,,,,,,,,,,,,,,,,,,,,,,,,,,,,,,,,,,,,,,,,,,,,,,,,,,,,,,,,,,,,,,,,,,,,,,,,,,,,,,,,,,,
185410016,"Hola amigos nuevamente paso por ac√° por su ayuda. Tengo 2 bombonas de ox√≠geno en alquiler en Caracas, eran de mi abuelo pero lo tuvimos que hospitalizar, a√∫n necesitamos costear los gastos de medicamentos y ex√°menes. Si conocen a alguien que est√© en b√∫squeda de una bombona 1/2","1,38177745829961E+018","1,38177745829961E+018",es,everyone,93,99,0.9959,Place,Caracas,0137799d4f960b21,110,9,42,3,2021-04-13T01:13:12+00:00,Twitter for iPhone,False,,,,,,,,,,,,,,,,,,,,,,,,,,,,,,,,,,,,,,,,,,,,,,,,,,,,,,,,,,,,,,,,,,,,,,,,,,,,,,,,,,,,,,,,,,,,,,,,,,,,,,,,,,,,,,,,,,,,,,,,,,,,,,,,,,,,,,,,,,,,,,,,,,,,,,,,,,,,,,,,,,,,,,,,,,,,,,,,,,,,,,,,,,,,,,,,,,,,,,,,,,,,,,,,,,,,,,,,,,,,,,,
"1,14863325752687E+018","Disponibles para ENTREGA INMEDIATA Regulador de Ox√≠geno con Fluj√≥metro marca WeldTech, incluye canula, flujemetro, vaso humificador y regulador. Cantidad Limitada. Pocas Unidades. Precio: US$ 260. Solic√≠telo por DM o Whatsapp. @BuscandoMedicin

#FarmaciaEsenciaVital #regulador https://t.co/cypJCwPIiQ","1,38024897008207E+018","1,38024897008207E+018",es,everyone,,,,,,01bc41ac40f6f2ff,1,0,0,0,2021-04-08T19:59:32+00:00,Twitter for Android,False,227,243,BuscandoMedicin,,,,278,301,https://t.co/cypJCwPIiQ,https://twitter.com/FarmaciaeVital/status/1380248970082070529/photo/1,pic.twitter.com/cypJCwPIiQ,,,,,,"3,13802489672467E+019",,,,,,,,,,,,,,,,,,,,,245,266,FarmaciaEsenciaVital,,,,,,267,277,regulador,,,,,,,,,,,,,,,,,,,,,,,,,,,,,,,,,,,,,,,,,,,,,,,,,,,,,,,,,,,,,,,,,,,,,,,,,,,,,,,,,,,,,,,,,,,,,,,,,,,,,,,,,,,,,,,,,,,,,,,,,,,,,,,,,,,,,,,,,,,,,,,,,,,,,,,,,,,,,,,,,,,,,,,,,,,,,,,
"1,36250462223823E+018",@ElRatonJodedor Hay q decirles los arrechos respiran sin bombona de oxigeno  puuyalooo!!!,"1,37953108683386E+018","1,37953518159438E+018",es,everyone,,,,,,01a74227630d48a8,0,0,4,0,2021-04-06T20:43:12+00:00,Twitter for Android,False,0,15,ElRatonJodedor,replied_to,"1,37953108683386E+018","8,62726069396394E+017",,,,,,,,,,,,,,,,,,,,,,,,,,,,,,,,,,,,,,,,,,,,,,,,,,,,,,,,,,,,,,,,,,,,,,,,,,,,,,,,,,,,,,,,,,,,,,,,,,,,,,,,,,,,,,,,,,,,,,,,,,,,,,,,,,,,,,,,,,,,,,,,,,,,,,,,,,,,,,,,,,,,,,,,,,,,,,,,,,,,,,,,,,,,,,,,,,,,,,,,,,,,,,,,,,,,,,,,,
94601036,"La doctora que revis√≥ a mi pap√° me dijo: Te doy 2 opciones, o consigues una bombona de oxigeno YA, o lo tenemos que hospitalizar de inmediato. Afortunadamente pudimos cumplir con la 1era. Mi solidaridad con todos los que se encuentran en los hospitales batallando.","1,3795075105126E+018","1,3795075105126E+018",es,everyone,,,,,,00ec4c32070f5076,0,0,4,0,2021-04-06T18:53:15+00:00,Twitter for Android,False,,,,,,,,,,,,,,,,,,,,,,,,,,,,,,,,,,,,,,,,,,,,,,,,,,,,,,,,,,,,,,,,,,,,,,,,,,,,,,,,,,,,,,,,,,,,,,,,,,,,,,,,,,,,,,,,,,,,,,,,,,,,,,,,,,,,,,,,,,,,,,,,,,,,,,,,,,,,,,,,,,,,,,,,,,,,,,,,,,,,,,,,,,,,,,,,,,,,,,,,,,,,,,,,,,,,,,,,,,,,,,,
107751167,"Buscar Ox√≠geno en Caracas es Misi√≥n Imposible y la nueva modalidad para estafar a los familiares de los enfermos de COVID19, el alquiler de una bombona puede costar 120$ semanales f√°cilmente y eso sin contar los gastos de alimentos y medicinas.","1,37921069102707E+018","1,37921069102707E+018",es,everyone,18,24,0.9936,Place,Caracas,00fef4361f2ad538,1,0,1,0,2021-04-05T23:13:47+00:00,Twitter for Android,False,,,,,,,,,,,,116,122,0.4444,Organization,COVID19,,123,Ongoing News Story,Ongoing News Stories like 'Brexit',"1,22070188817936E+018",COVID-19,,,,,,,,,,,,,,,,,,,,,,,,,,,,,,,,,,,,,,,,,,,,,,,,,,,,,,,,,,,,,,,,,,,,,,,,,,,,,,,,,,,,,,,,,,,,,,,,,,,,,,,,,,,,,,,,,,,,,,,,,,,,,,,,,,,,,,,,,,,,,,,,,,,,,,,,,,,,,,,,,,,,,,,,,,,,,,,,,,,,,,,,,,,,,,,,,,,,,,,,,
40647108,"@Edurodriguezg #Atiempo buenos d√≠as, me pregunto donde est√°n todas esas pruebas r√°pidas y de PCR que han llegado por toneladas al pa√≠s? Puede el ciudadano com√∫n pagar $60 por una PCR? $450 x bombona de ox√≠geno? $50 x recarga? La gente morir√° en sus casas, triste realidad","1,37902074350634E+018","1,37902074350634E+018",es,everyone,,,,,,00ec4c32070f5076,0,0,0,0,2021-04-05T10:39:00+00:00,Twitter for Android,False,0,14,Edurodriguezg,,,108722247,,,,,,,,,,,,123,Ongoing News Story,Ongoing News Stories like 'Brexit',"1,22070188817936E+018",COVID-19,,,,,,,,,,,,,,,,15,23,Atiempo,,,,,,,,,,,,,,,,,,,,,,,,,,,,,,,,,,,,,,,,,,,,,,,,,,,,,,,,,,,,,,,,,,,,,,,,,,,,,,,,,,,,,,,,,,,,,,,,,,,,,,,,,,,,,,,,,,,,,,,,,,,,,,,,,,,,,,,,,,,,,,,,,,,,,,,,,,,,,,,,,,,,,,,,,,,,,,,,,,,,,,,
"1,2613277181064E+018","@NicolasMaduro Mi Sr. Pdte. Maduro, muy Buenas Noches!  Agradezco de antemano, su valioso apoyo incondicional, es para m√≠ una Bombona. ox√≠geno, ya q mi Quincena No logra cubrir mis necesidades ! Tengo a mi mam√° con Marca paso y tratamiento intenso! ‚ù§Ô∏èüôèüôè‚ù§Ô∏è‚ù§Ô∏è","1,37888952267142E+018","1,37888952267142E+018",es,everyone,28,33,0.9473,Person,Maduro,012b6b2c110f0c21,0,0,0,0,2021-04-05T01:57:35+00:00,Twitter for Android,False,0,14,NicolasMaduro,,,1252764865,,,,,,,,,,,,10,Person,Named people in the world like Nelson Mandela,"8,39575776999584E+017",Nicol√°s Maduro,35,Politician,"Politicians in the world, like Joe Biden","8,39575776999584E+017",Nicol√°s Maduro,,,,,,,,,,,,,,,,,,,,,,President of Venezuela Nicol√°s Maduro,President of Venezuela Nicol√°s Maduro,,,,,,,,,,,,,,,,,,,,,,,,,,,,,,,,,,,,,,,,,,,,,,,,,,,,,,,,,,,,,,,,,,,,,,,,,,,,,,,,,,,,,,,,,,,,,,,,,,,,,,,,,,,,,,,,,,,,,,,,,,,,,,,,,,,,,,,,,,,,,,,,,,,,,,,,,,,,,,,,,,,,,,,,,,,,,
1141122420,"""La vaina esta arrecha para el que rasgu√±a una puya, y no tiene para pagar a cada rato 25$ por una bombona de ox√≠geno...
lo normal y digno es un Venezolano que administre lo mucho o poco que consigue... Por que de lo contrario, ser√≠a un carajo que viva de la droga y extorsi√≥n.","1,37783074172417E+018","1,37783074172417E+018",es,everyone,,,,,,012af435641420c7,0,0,1,0,2021-04-02T03:50:22+00:00,Twitter for Android,False,,,,,,,,,,,,,,,,,,,,,,,,,,,,,,,,,,,,,,,,,,,,,,,,,,,,,,,,,,,,,,,,,,,,,,,,,,,,,,,,,,,,,,,,,,,,,,,,,,,,,,,,,,,,,,,,,,,,,,,,,,,,,,,,,,,,,,,,,,,,,,,,,,,,,,,,,,,,,,,,,,,,,,,,,,,,,,,,,,,,,,,,,,,,,,,,,,,,,,,,,,,,,,,,,,,,,,,,,,,,,,,
72746452,No tengo ya ni fuerza para cargar una bombona de oxigeno... Esa vaina si pesa,"1,37725100647662E+018","1,37725100647662E+018",es,everyone,,,,,,00ec4c32070f5076,1,1,0,0,2021-03-31T13:26:42+00:00,Twitter for Android,False,,,,,,,,,,,,,,,,,,,,,,,,,,,,,,,,,,,,,,,,,,,,,,,,,,,,,,,,,,,,,,,,,,,,,,,,,,,,,,,,,,,,,,,,,,,,,,,,,,,,,,,,,,,,,,,,,,,,,,,,,,,,,,,,,,,,,,,,,,,,,,,,,,,,,,,,,,,,,,,,,,,,,,,,,,,,,,,,,,,,,,,,,,,,,,,,,,,,,,,,,,,,,,,,,,,,,,,,,,,,,,,
311269270,1300 $ una bombona de ox√≠geno es una locura. No ae cuanto vale en realidad. Pero creo que es un exceso y evaluando que todo es as√≠ en Venezuela no me extra√±ar√≠a que tambi√©n hagan usura de esp.,"1,37674182847359E+018","1,37674182847359E+018",es,everyone,134,142,986,Place,Venezuela,0137799d4f960b21,1,0,0,0,2021-03-30T03:43:25+00:00,Twitter for Android,False,,,,,,,,,,,,,,,,,,,,,,,,,,,,,,,,,,,,,,,,,,,,,,,,,,,,,,,,,,,,,,,,,,,,,,,,,,,,,,,,,,,,,,,,,,,,,,,,,,,,,,,,,,,,,,,,,,,,,,,,,,,,,,,,,,,,,,,,,,,,,,,,,,,,,,,,,,,,,,,,,,,,,,,,,,,,,,,,,,,,,,,,,,,,,,,,,,,,,,,,,,,,,,,,,,,,,,,,,,,,,,,
2972115047,Requiero una Bombona de ox√≠geno. me encuentro en Monagas Maturin Sector Brisas del aeropuerto... @alexagomez2000 @MamaLisVzla https://t.co/ZgVjP74tIe,"1,37643358362004E+018","1,37643358362004E+018",es,everyone,49,77,0.8543,Place,Monagas Maturin Sector Brisas,00914f80743a0863,1,2,0,0,2021-03-29T07:18:33+00:00,Twitter for Android,False,97,112,alexagomez2000,,,,126,149,https://t.co/ZgVjP74tIe,https://twitter.com/gilrenzo14/status/1376433583620038657/photo/1,pic.twitter.com/ZgVjP74tIe,,,,,,"3,13764335753908E+019",,,,,,,,,,,,,,,,,,,,,,,,,,,,,,,,,,113,125,MamaLisVzla,,,,,,,,,,,,,,,,,,,,,,,,,,,,,,,,,,,,,,,,,,,,,,,,,,,,,,,,,,,,,,,,,,,,,,,,,,,,,,,,,,,,,,,,,,,,,,,,,,,,,,,,,,,,,,,,,,,,,,,,,,,,,,,,,,,,,,,,,,,,,,,,,,,,,,,,,,,,,,,,,,,,,,,,,,
103292492,"@Aquilesv04 Es solo aire h√∫medo por favor, no repliquen eso. No es ox√≠geno ni tenemos branquias como los peces. La concentraci√≥n jam√°s superar√° el 20% de PO2 incluso menos que el medio ambiente. No es cierto, es falso! Necesitan la bombona de ox√≠geno adicional","1,37626023474698E+018","1,37629095770502E+018",es,everyone,,,,,,015d19216c749864,0,0,2,0,2021-03-28T21:51:49+00:00,Twitter for iPhone,False,0,11,Aquilesv04,replied_to,"1,37626023474698E+018","9,30471655662551E+017",,,,,,,,,,,,,,,,,,,,,,,,,,,,,,,,,,,,,,,,,,,,,,,,,,,,,,,,,,,,,,,,,,,,,,,,,,,,,,,,,,,,,,,,,,,,,,,,,,,,,,,,,,,,,,,,,,,,,,,,,,,,,,,,,,,,,,,,,,,,,,,,,,,,,,,,,,,,,,,,,,,,,,,,,,,,,,,,,,,,,,,,,,,,,,,,,,,,,,,,,,,,,,,,,,,,,,,,,
"8,44522658947649E+017",@Francortinas10 Y s√∫male una bombona de Oxigeno o un Concentrador. Los estados de las personas por WhatsApp son casi iguales. Donde los alquilan. üòî,"1,37599249870789E+018","1,37599407693648E+018",es,everyone,99,106,0.8737,Product,WhatsApp,01bcac764b72de63,0,0,1,0,2021-03-28T02:12:07+00:00,Twitter for Android,False,0,15,Francortinas10,replied_to,"1,37599249870789E+018","1,22803992262969E+018",,,,,,,,,,,,,,,,,,,,,,,,,,,,,,,,,,,,,,,,,,,,,,,,,,,,,,,,,,,,,,,,,,,,,,,,,,,,,,,,,,,,,,,,,,,,,,,,,,,,,,,,,,,,,,,,,,,,,,,,,,,,,,,,,,,,,,,,,,,,,,,,,,,,,,,,,,,,,,,,,,,,,,,,,,,,,,,,,,,,,,,,,,,,,,,,,,,,,,,,,,,,,,,,,,,,,,,,,
"1,14863325752687E+018",Regulador de Oxigeno Medicinal de 0-15 Lpm con Flujometro tipo Victor marca Weldtech. Disponible. @BuscandoMedicin https://t.co/fOK0D6A7Xg,"1,37596572615091E+018","1,37596572615091E+018",es,everyone,13,29,212,Organization,Oxigeno Medicinal,01bc41ac40f6f2ff,39,5,12,1,2021-03-28T00:19:27+00:00,Twitter for Android,False,98,114,BuscandoMedicin,,,,115,138,https://t.co/fOK0D6A7Xg,https://twitter.com/FarmaciaeVital/status/1375965726150909952/photo/1,pic.twitter.com/fOK0D6A7Xg,,,,,,"3,13759657035772E+019",,,,,,,,,,,,,,,,,,,,,,,,,,,,,,,,,,,,,115,138,https://t.co/fOK0D6A7Xg,https://twitter.com/FarmaciaeVital/status/1375965726150909952/photo/1,pic.twitter.com/fOK0D6A7Xg,"3,13759657235589E+019",,,,,,,,,,,,,,,,,,,,,,,,,,,,,,,,,,,,,,,,,,,,,,,,,,,,,,,,,,,,,,,,,,,,,,,,,,,,,,,,,,,,,,,,,,,,,,,,,,,,,,,,,,,,,,,,,,,,,,,,,,,,,,,,,,,,,,,,,,,,,,,,,,,,,,,,,,,,,,,,,,,,
"1,14863325752687E+018",@Ivanab__ Disponible regulador de oxigeno con Fluj√≥metro,"1,37584065217765E+018","1,37595650327493E+018",es,everyone,,,,,,01bc41ac40f6f2ff,2,0,4,0,2021-03-27T23:42:49+00:00,Twitter for Android,False,0,9,Ivanab__,replied_to,"1,37584065217765E+018",270517799,,,,,,,,,,,,,,,,,,,,,,,,,,,,,,,,,,,,,,,,,,,,,,,,,,,,,,,,,,,,,,,,,,,,,,,,,,,,,,,,,,,,,,,,,,,,,,,,,,,,,,,,,,,,,,,,,,,,,,,,,,,,,,,,,,,,,,,,,,,,,,,,,,,,,,,,,,,,,,,,,,,,,,,,,,,,,,,,,,,,,,,,,,,,,,,,,,,,,,,,,,,,,,,,,,,,,,,,,
243276146,"Porfavor es mi t√≠o, cualquier ayuda estaremos muy agradecidos... 
La bombona de oxigeno son muy costosas y est√° en una etapa grave de Covid a dem√°s del tratamiento... 
Ay√∫denme a compartir porfavor!!! https://t.co/mdEVRyE4ua","1,37588332071475E+018","1,37588332071475E+018",es,everyone,,,,,,00ef60bb0d238e05,4,0,1,0,2021-03-27T18:52:00+00:00,Twitter for Android,False,,,,,,,201,224,https://t.co/mdEVRyE4ua,https://twitter.com/danmadrigal_/status/1375883320714747905/photo/1,pic.twitter.com/mdEVRyE4ua,,,,,,"3,13758833061396E+019",123,Ongoing News Story,Ongoing News Stories like 'Brexit',"1,22070188817936E+018",COVID-19,,,,,,,,,,,,,,,,,,,,,,,,,,,,,,,,,,,,,,,,,,,,,,,,,,,,,,,,,,,,,,,,,,,,,,,,,,,,,,,,,,,,,,,,,,,,,,,,,,,,,,,,,,,,,,,,,,,,,,,,,,,,,,,,,,,,,,,,,,,,,,,,,,,,,,,,,,,,,,,,,,,,,,,,,,,,,,,,,,,,,,,,,,,,,,,,,,,,,,,,,
910821878,@Fredypm @burundango1970 @Klobo91 @Samurai16157668 @RamadanMezVzla @Fooros @3lS0ld4d0R0j0 @HUS07777781 @1961Tokio @leonardo19741 @PriscilianoManu @IIuminat @Florencia90102 @Dante27579076 @CarpinteroAlejo @SanchezPinedaA2 @JuanCalosoooooo @AlexRodrilobo @Freihei77513885 @Jose33076037 @Tropatriunfante @Viejis39 @saintmayo1981 @WilfredoNc @r_taribo @kris_indignada @OnlineFighterVe @Casanay1910 @Monknk1 @thegreattiger @RiegoPineda @MirafloresEl @antoniovaldez6 @rosdabella @FratriaSpartak @yaruabella @pilarneo58 @tawfi78682819 @jmorchio @ChalecosAmarill @la_lunerita @dpiloncita @benito3fantomas @ThomasBrown2020 @HaIconn @Corsarionegro5 @ArmandoInfo @Urdanet03364722 @mbachelet @Almagro_OEA2015 Y cu√°l es la cifra de infecci√≥n de COVID del Per√∫? La de Venezuela? Porque los peruanos aborto cerebral hacen cola por bombona de ox√≠geno? Porque en Per√∫ se removieron autoridades por el mal manejo del COVID? Cuando Per√∫ arregle ese desastre puedes hablar de COVID en Vzla,"8,49595040091574E+017","1,37582723020351E+018",es,everyone,742,745,0.8947,Place,Per√∫,00ec4c32070f5076,2,0,2,0,2021-03-27T15:09:07+00:00,Twitter for Android,False,0,8,Fredypm,replied_to,"1,37582665843593E+018",43364339,,,,,,754,762,0.9608,Place,Venezuela,,10,Person,Named people in the world like Nelson Mandela,"1,2758046001052E+018",Michelle Bachelet,35,Politician,"Politicians in the world, like Joe Biden","1,2758046001052E+018",Michelle Bachelet,123,Ongoing News Story,Ongoing News Stories like 'Brexit',"1,22070188817936E+018",COVID-19,10,Person,Named people in the world like Nelson Mandela,"8,95656597250228E+017",Michelle Bachelet,,,,846,849,0.9973,Place,Per√∫,,,,,,9,24,burundango1970,,,,,,,25,33,Klobo91,34,50,Samurai16157668,51,66,RamadanMezVzla,67,74,Fooros,75,89,3lS0ld4d0R0j0,90,102,HUS07777781,103,113,1961Tokio,114,128,leonardo19741,129,145,PriscilianoManu,146,155,IIuminat,156,171,Florencia90102,172,186,Dante27579076,187,203,CarpinteroAlejo,204,220,SanchezPinedaA2,221,237,JuanCalosoooooo,238,252,AlexRodrilobo,253,269,Freihei77513885,270,283,Jose33076037,284,300,Tropatriunfante,301,310,Viejis39,311,325,saintmayo1981,326,337,WilfredoNc,338,347,r_taribo,348,363,kris_indignada,364,380,OnlineFighterVe,381,393,Casanay1910,394,402,Monknk1,403,417,thegreattiger,418,430,RiegoPineda,431,444,MirafloresEl,445,460,antoniovaldez6,461,472,rosdabella,473,488,FratriaSpartak,489,500,yaruabella,501,512,pilarneo58,513,527,tawfi78682819,528,537,jmorchio,538,554,ChalecosAmarill,555,567,la_lunerita,568,579,dpiloncita,580,596,benito3fantomas,597,613,ThomasBrown2020,614,622,HaIconn,623,638,Corsarionegro5,639,651,ArmandoInfo,652,668,Urdanet03364722,669,679,mbachelet,680,696,Almagro_OEA2015,913,916,0.9828,Place,Per√∫,965,968,0.96,Place,Vzla,President of Chile Michelle Bachelet,35,Politician,"Politicians in the world, like Joe Biden","8,95656597250228E+017",Michelle Bachelet,President of Chile Michelle Bachelet,,,
140218023,#CIUDADBOLIVAR busco concentrador o bombona de oxigeno grande urgente comunicarse al 04249466422,"1,37578880136107E+018","1,37578880136107E+018",es,everyone,,,,,,00ec4c32070f5076,4,0,0,0,2021-03-27T12:36:25+00:00,Twitter for Android,False,,,,,,,,,,,,,,,,,,,,,,,,,,,,,,,,,,,,,,0,14,CIUDADBOLIVAR,,,,,,,,,,,,,,,,,,,,,,,,,,,,,,,,,,,,,,,,,,,,,,,,,,,,,,,,,,,,,,,,,,,,,,,,,,,,,,,,,,,,,,,,,,,,,,,,,,,,,,,,,,,,,,,,,,,,,,,,,,,,,,,,,,,,,,,,,,,,,,,,,,,,,,,,,,,,,,,,,,,,,,,,,,,,,,,,,,,,,,,
116740158,"Pienso en la cantidad de gente que anda buscando ox√≠geno y no tienen como pagarlo mientras los IRRESPONSABLES del gobierno lo mandan por gandolas a Brasil para pintar una de abundancia y solidaridad.
30$ vale llenar una bombona aqu√≠ @NicolasMaduro CDTM!","1,37534230935366E+018","1,37534230935366E+018",es,everyone,148,153,0.9827,Place,Brasil,0032a06455f7e1ea,0,0,1,1,2021-03-26T07:02:13+00:00,Twitter for Android,False,233,247,NicolasMaduro,,,,,,,,,,,,,,,10,Person,Named people in the world like Nelson Mandela,"8,39575776999584E+017",Nicol√°s Maduro,35,Politician,"Politicians in the world, like Joe Biden","8,39575776999584E+017",Nicol√°s Maduro,,,,,,,,,,,,,,,,,,,,,,President of Venezuela Nicol√°s Maduro,President of Venezuela Nicol√°s Maduro,,,,,,,,,,,,,,,,,,,,,,,,,,,,,,,,,,,,,,,,,,,,,,,,,,,,,,,,,,,,,,,,,,,,,,,,,,,,,,,,,,,,,,,,,,,,,,,,,,,,,,,,,,,,,,,,,,,,,,,,,,,,,,,,,,,,,,,,,,,,,,,,,,,,,,,,,,,,,,,,,,,,,,,,,,,,,
143091266,Necesito una bombona de oxigeno URGENTE para @yb_dani por favor @alexagomez2000 @Lamaestra09 @Eglisant @mcrd1972 @ptopelo @YENNY0_LEE @Tamara_Navarro @TAMARA_SUJU @_RoqueCastro @RCamachoVzla @Karinabarbosa @Karinabarbosa @GLEIDYSF @Glencys @yosoycastrillon,"1,37526105870994E+018","1,37526105870994E+018",es,everyone,,,,,,00ec4c32070f5076,314,16,44,5,2021-03-26T01:39:22+00:00,Twitter for Android,False,45,53,yb_dani,,,,,,,,,,,,,,,,,,,,,,,,,,,,,,,,,,,,,,,,,,,,,,,,64,79,alexagomez2000,,,,,,,80,92,Lamaestra09,93,102,Eglisant,103,112,mcrd1972,113,121,ptopelo,122,133,YENNY0_LEE,134,149,Tamara_Navarro,150,162,TAMARA_SUJU,163,176,_RoqueCastro,177,190,RCamachoVzla,191,205,Karinabarbosa,206,220,Karinabarbosa,221,230,GLEIDYSF,231,239,Glencys,240,256,yosoycastrillon,,,,,,,,,,,,,,,,,,,,,,,,,,,,,,,,,,,,,,,,,,,,,,,,,,,,,,,,,,,,,,,,,,,,,,,,,,,,,,,,,,,,,,,,,,,,,,,,,,,,,,,,,,,,,,,,,,,,,,,,,,
163248399,"Ya se volver√° a ver de nuevo publicaciones dentro de sus propios contactos ALQUILO BOMBONA DE OXIGENO debido a la falta de camas en las √°reas de hospitalizaci√≥n para los pacientes covid, si usted va a la playa y se contagia despu√©s no se queje","1,37400149282331E+018","1,37400149282331E+018",es,everyone,,,,,,0198c6f108778b40,4,0,5,0,2021-03-22T14:14:18+00:00,Twitter for Android,False,,,,,,,,,,,,,,,,,,123,Ongoing News Story,Ongoing News Stories like 'Brexit',"1,22070188817936E+018",COVID-19,,,,,,,,,,,,,,,,,,,,,,,,,,,,,,,,,,,,,,,,,,,,,,,,,,,,,,,,,,,,,,,,,,,,,,,,,,,,,,,,,,,,,,,,,,,,,,,,,,,,,,,,,,,,,,,,,,,,,,,,,,,,,,,,,,,,,,,,,,,,,,,,,,,,,,,,,,,,,,,,,,,,,,,,,,,,,,,,,,,,,,,,,,,,,,,,,,,,,,,,,
141697261,"#ServicioPublico Quien alquila Bombona de Ox√≠geno y se necesita  sondas numero 14,16 o18 para el vecino Luis Enrique Brito en la #IslaDeMargarita cualquier informaci√≥n al 04148413044 #SOLIDARIDAD  @dexcyguedez @BajoLaLupaInfo @RConfidencial @elsoldmargarita @RLOZINSKI","1,3736877530414E+018","1,3736877530414E+018",es,everyone,31,48,0.45,Other,Bombona de Ox√≠geno,00fef4361f2ad538,3,0,2,0,2021-03-21T17:27:36+00:00,Twitter for Android,False,197,209,dexcyguedez,,,,,,,,,104,121,0.9844,Person,Luis Enrique Brito,,10,Person,Named people in the world like Nelson Mandela,"7,33774032592507E+017",Luis Enrique ,60,Athlete,"An athlete in the world, like Serena Williams or Lionel Messi","7,33774032592507E+017",Luis Enrique ,,,,,,,,,,,0,16,ServicioPublico,,,,,,129,145,IslaDeMargarita,,,210,225,BajoLaLupaInfo,,,,,,,226,240,RConfidencial,241,257,elsoldmargarita,258,268,RLOZINSKI,,,,,,,,,,,,,,,,,,,,,,,,,,,,,,,,,,,,,,,,,,,,,,,,,,,,,,,,,,,,,,,,,,,,,,,,,,,,,,,,,,,,,,,,,,,,,,,,,,,,,,,,,,,,,,,,,,,,,,,,,,,,,,,,,,,,,,,,,,,,,,,,,,,,,,,,,183,195,SOLIDARIDAD
67153643,"#ServicioP√∫blico Para paciente con COVID-19 en #Guarenas se requiere con urgencia, en calidad de donaci√≥n, lo siguiente:

‚àö Levofloxacina 500mg ampollas

‚àö Bombona de ox√≠geno

Contacto: Yuviris Coy
0424-1374295 https://t.co/HNhY5ndAQK","1,37341491852806E+018","1,37341491852806E+018",es,everyone,,,,,,01c93e351e3122fb,156,1,34,2,2021-03-20T23:23:28+00:00,Twitter for Android,False,,,,,,,211,234,https://t.co/HNhY5ndAQK,https://twitter.com/LidkRodelo/status/1373414918528061440/photo/1,pic.twitter.com/HNhY5ndAQK,,,,,,"3,13734149158941E+019",123,Ongoing News Story,Ongoing News Stories like 'Brexit',"1,22070188817936E+018",COVID-19,,,,,,,,,,,,,,,,0,16,ServicioP√∫blico,,,,,,47,56,Guarenas,,,,,,,,,,,,,,,,,,,,,,,,,,,,,,,,,,,,,,,,,,,,,,,,,,,,,,,,,,,,,,,,,,,,,,,,,,,,,,,,,,,,,,,,,,,,,,,,,,,,,,,,,,,,,,,,,,,,,,,,,,,,,,,,,,,,,,,,,,,,,,,,,,,,,,,,,,,,,,,,,,,,,,,,,,,,,,,
278515013,@la_iguanatv @drodriven2 Mi amada hija por 2da vez le da covid-19 pero esta vez es m√°s fuerte q la primera vez ya estoy buscando una bombona de ox√≠geno en cuidad Guayana lo hospitale colapsado la cifras de infectado y  fallecido no es la cifra real siento una gran angustia  y un terror q la hospitalince,"1,37310189020921E+018","1,37311534849341E+018",es,everyone,155,168,0.7211,Place,cuidad Guayana,01a74227630d48a8,0,0,0,0,2021-03-20T03:33:04+00:00,Twitter for Android,False,0,12,la_iguanatv,replied_to,"1,37310189020921E+018",587060118,,,,,,,,,,,,123,Ongoing News Story,Ongoing News Stories like 'Brexit',"1,22070188817936E+018",COVID-19,,,,,,,,,,,,,,,,,,,,,,,,,,,,,13,24,drodriven2,,,,,,,,,,,,,,,,,,,,,,,,,,,,,,,,,,,,,,,,,,,,,,,,,,,,,,,,,,,,,,,,,,,,,,,,,,,,,,,,,,,,,,,,,,,,,,,,,,,,,,,,,,,,,,,,,,,,,,,,,,,,,,,,,,,,,,,,,,,,,,,,,,,,,,,,,,,,,,,,,,,,,,,,,,
910821878,@Fredypm @Fooros @CarpinteroAlejo @IIuminat @AlexRodrilobo @Florencia90102 @Freihei77513885 @Dante27579076 @Jose33076037 @SanchezPinedaA2 @PriscilianoManu @Tropatriunfante @leonardo19741 @Viejis39 @Samurai16157668 @burundango1970 @HUS07777781 @saintmayo1981 @RamadanMezVzla @WilfredoNc @r_taribo @1961Tokio @kris_indignada @Klobo91 @3lS0ld4d0R0j0 @JuanCalosoooooo @OnlineFighterVe @Casanay1910 @Monknk1 @thegreattiger @RiegoPineda @MirafloresEl @antoniovaldez6 @rosdabella @FratriaSpartak @yaruabella @pilarneo58 @tawfi78682819 @jmorchio @ChalecosAmarill @la_lunerita @dpiloncita @benito3fantomas @ThomasBrown2020 @HaIconn @Corsarionegro5 @ArmandoInfo @Urdanet03364722 @indioguerrero50 @PartidoPSUV Eres culpable y c√≥mplice porque callas de las colas en el Per√∫ por una bombona de ox√≠geno es tu culpa mientras habl√°s de forma hist√©rica de Venezuela https://t.co/3sL57xA7Nc,"8,49595040091574E+017","1,3714455459785E+018",es,everyone,757,760,943,Place,Per√∫,00ec4c32070f5076,1,0,3,0,2021-03-15T12:57:53+00:00,Twitter for Android,False,0,8,Fredypm,replied_to,"1,37143010585625E+018",43364339,849,872,https://t.co/3sL57xA7Nc,https://twitter.com/OJOVENE/status/1371445545978499073/photo/1,pic.twitter.com/3sL57xA7Nc,839,847,0.9886,Place,Venezuela,"3,13714455398926E+019",,,,,,,,,,,,,,,,,,,,,,,,,,,,,,,,,,9,16,Fooros,,,,,,,17,33,CarpinteroAlejo,34,43,IIuminat,44,58,AlexRodrilobo,59,74,Florencia90102,75,91,Freihei77513885,92,106,Dante27579076,107,120,Jose33076037,121,137,SanchezPinedaA2,138,154,PriscilianoManu,155,171,Tropatriunfante,172,186,leonardo19741,187,196,Viejis39,197,213,Samurai16157668,214,229,burundango1970,230,242,HUS07777781,243,257,saintmayo1981,258,273,RamadanMezVzla,274,285,WilfredoNc,286,295,r_taribo,296,306,1961Tokio,307,322,kris_indignada,323,331,Klobo91,332,346,3lS0ld4d0R0j0,347,363,JuanCalosoooooo,364,380,OnlineFighterVe,381,393,Casanay1910,394,402,Monknk1,403,417,thegreattiger,418,430,RiegoPineda,431,444,MirafloresEl,445,460,antoniovaldez6,461,472,rosdabella,473,488,FratriaSpartak,489,500,yaruabella,501,512,pilarneo58,513,527,tawfi78682819,528,537,jmorchio,538,554,ChalecosAmarill,555,567,la_lunerita,568,579,dpiloncita,580,596,benito3fantomas,597,613,ThomasBrown2020,614,622,HaIconn,623,638,Corsarionegro5,639,651,ArmandoInfo,652,668,Urdanet03364722,669,685,indioguerrero50,686,698,PartidoPSUV,,,,,,,,,,,,,,,,,,,,
140833475,Necesito una bombona de ox√≠geno https://t.co/euXKPNypwE,"1,37132288187192E+018","1,37132288187192E+018",es,everyone,,,,,,00914f80743a0863,0,0,0,0,2021-03-15T04:50:27+00:00,Twitter for Android,False,,,,quoted,"1,37125352377454E+018",,32,55,https://t.co/euXKPNypwE,https://twitter.com/VirtualShowz/status/1371253523774537732,twitter.com/VirtualShowz/s‚Ä¶,,,,,,,,,,,,,,,,,,,,,,,,,,,,,,,,,,,,,,,,,,,,,,,,,,,,,,,,,,,,,,,,,,,,,,,,,,,,,,,,,,,,,,,,,,,,,,,,,,,,,,,,,,,,,,,,,,,,,,,,,,,,,,,,,,,,,,,,,,,,,,,,,,,,,,,,,,,,,,,,,,,,,,,,,,,,,,,,,,,,,,,,,,,,,,,,,,,,,,,,,,,,,,,,,,,,
708150150,"Twitter necesito de tu magia, tengo una amiga hospitalizada con covid en Caracas pero ya su p√≥liza no aguanta m√°s y para darla de alta es necesario ox√≠geno, si me pudieran ayudar a consegu√≠ d√≥nde alquilar una bombona se los agradecer√≠a @Aurylicious @soyluisalamo @negromangueraa","1,36978503586016E+018","1,36978503586016E+018",es,everyone,0,6,0.7601,Product,Twitter,01c93e351e3122fb,41,0,2,1,2021-03-10T22:59:36+00:00,Twitter for Android,False,236,248,Aurylicious,,,,,,,,,73,79,0.9979,Place,Caracas,,46,Brand Category,Categories within Brand Verticals that narrow down the scope of Brands,"7,81974596752843E+017",Services,47,Brand,Brands and Companies,10045225402,Twitter,123,Ongoing News Story,Ongoing News Stories like 'Brexit',"1,22070188817936E+018",COVID-19,,,,,,,,,,,,,,,,,,,249,262,soyluisalamo,,,,,,,263,278,negromangueraa,,,,,,,,,,,,,,,,,,,,,,,,,,,,,,,,,,,,,,,,,,,,,,,,,,,,,,,,,,,,,,,,,,,,,,,,,,,,,,,,,,,,,,,,,,,,,,,,,,,,,,,,,,,,,,,,,,,,,,,,,,,,,,,,,,,,,,,,,,,,,,,,,,,,,,,,,,,,,,,,,
83521740,URGENTE: la se√±ora Rosa Henr√≠quez est√° en el hospital Razetti de Barcelona. Tiene 76 a√±os. Necesita un fluj√≥metro y una bombona de ox√≠geno URGENTE. Est√° en el piso 2 cuarto No. 4. Qui√©nes puedan ayudar llamen a Francisco Velasquez +58 4120861282. DIOS LES PAGUE,"1,36833889915261E+018","1,36833889915261E+018",es,everyone,19,32,0.9616,Person,Rosa Henr√≠quez,01a73d6169f504ac,220,0,45,1,2021-03-06T23:13:10+00:00,Twitter for Android,False,,,,,,,,,,,,65,73,0.86,Place,Barcelona,,,,,,,,,,,,,,,,,,,,,,,,,211,229,0.9666,Person,Francisco Velasquez,,,,,,,,,,,,,,,,,,,,,,,,,,,,,,,,,,,,,,,,,,,,,,,,,,,,,,,,,,,,,,,,,,,,,,,,,,,,,,,,,,,,,,,,,,,,,,,,,,,,,,,,,,,,,,,,,,,,,,,,,,,,,,,,,,,,,,,,,,,,,,,,,,,,,,,,,,,,,,,,,,,,,,,,,,,,,,,,,,
487787514,"@jaarreaza Disculpe usted lo que le voy a decir porque merece todo mi respeto. Estoy de acuerdo que ayuden a Brasil, pero nosotros que? Sabe cu√°nto cuesta una bombona de ox√≠geno aqu√≠? Pues 60$ apliquen la ley, no es justo","1,36062398639317E+018","1,3606532346423E+018",es,everyone,109,114,0.9507,Place,Brasil,01cb69a764a68d10,0,0,1,0,2021-02-13T18:13:05+00:00,Twitter for Android,False,0,10,jaarreaza,replied_to,"1,36062398639317E+018",138212728,,,,,,,,,,,,,,,,,,,,,,,,,,,,,,,,,,,,,,,,,,,,,,,,,,,,,,,,,,,,,,,,,,,,,,,,,,,,,,,,,,,,,,,,,,,,,,,,,,,,,,,,,,,,,,,,,,,,,,,,,,,,,,,,,,,,,,,,,,,,,,,,,,,,,,,,,,,,,,,,,,,,,,,,,,,,,,,,,,,,,,,,,,,,,,,,,,,,,,,,,,,,,,,,,,,,,,,,,
"7,289588577169E+017","@la_patilla Hay que vender lo que tengas y a precio de gallina flaca..Carro,moto,nevera,cosinay lo q sea xq una bombona de ox√≠geno por decir algo ,est√° por encima de 50 $..","1,35374997867877E+018","1,35376728948993E+018",es,everyone,,,,,,012b6b2c110f0c21,0,0,0,0,2021-01-25T18:10:48+00:00,Twitter for Android,False,0,11,la_patilla,replied_to,"1,35374997867877E+018",124172948,,,,,,,,,,,,,,,,,,,,,,,,,,,,,,,,,,,,,,,,,,,,,,,,,,,,,,,,,,,,,,,,,,,,,,,,,,,,,,,,,,,,,,,,,,,,,,,,,,,,,,,,,,,,,,,,,,,,,,,,,,,,,,,,,,,,,,,,,,,,,,,,,,,,,,,,,,,,,,,,,,,,,,,,,,,,,,,,,,,,,,,,,,,,,,,,,,,,,,,,,,,,,,,,,,,,,,,,,
400846705,"@CMonteroOficial Mientras aqu√≠ en Vzla te sacan los ojos por una bombona de ox√≠geno, la corrupci√≥n en este Pa√≠s es horrible.","1,35128041535354E+018","1,35149717587699E+018",es,everyone,34,37,0.9778,Place,Vzla,0198c6f108778b40,0,0,0,0,2021-01-19T11:50:10+00:00,Twitter for Android,False,0,16,CMonteroOficial,replied_to,"1,35128041535354E+018",119758810,,,,,,,,,,,,,,,,,,,,,,,,,,,,,,,,,,,,,,,,,,,,,,,,,,,,,,,,,,,,,,,,,,,,,,,,,,,,,,,,,,,,,,,,,,,,,,,,,,,,,,,,,,,,,,,,,,,,,,,,,,,,,,,,,,,,,,,,,,,,,,,,,,,,,,,,,,,,,,,,,,,,,,,,,,,,,,,,,,,,,,,,,,,,,,,,,,,,,,,,,,,,,,,,,,,,,,,,,
2310533564,"En el hospital central de San Crist√≥bal, los familiares de paciente con covit, pagan 35$ por una bombona de ox√≠geno. Liz para fuera y tinieblas para la casa https://t.co/HBJLVtlj4S","1,351318508962E+018","1,351318508962E+018",es,everyone,26,38,0.8151,Place,San Crist√≥bal,01a73d6169f504ac,0,0,0,0,2021-01-19T00:00:13+00:00,Twitter for Android,False,,,,quoted,"1,35121196100717E+018",,157,180,https://t.co/HBJLVtlj4S,https://twitter.com/FaniaRodrigues/status/1351211961007165440,twitter.com/FaniaRodrigues‚Ä¶,,,,,,,,,,,,,,,,,,,,,,,,,,,,,,,,,,,,,,,,,,,,,,,,,,,,,,,,,,,,,,,,,,,,,,,,,,,,,,,,,,,,,,,,,,,,,,,,,,,,,,,,,,,,,,,,,,,,,,,,,,,,,,,,,,,,,,,,,,,,,,,,,,,,,,,,,,,,,,,,,,,,,,,,,,,,,,,,,,,,,,,,,,,,,,,,,,,,,,,,,,,,,,,,,,,,
235131365,"Querido Diario:
Hoy volv√≠ a dar 2 vueltas a la manzana, baje y sub√≠ escaleras, Auxili√≥ siento que me muero y no tengo bombona de oxigeno... ü§™üòîüòã
#DiarioDeUnGordo","1,34913772708267E+018","1,34913772708267E+018",es,everyone,,,,,,01be351754bcbe13,0,0,0,0,2021-01-12T23:34:34+00:00,Twitter for Android,False,,,,,,,,,,,,,,,,,,,,,,,,,,,,,,,,,,,,,,144,160,DiarioDeUnGordo,,,,,,,,,,,,,,,,,,,,,,,,,,,,,,,,,,,,,,,,,,,,,,,,,,,,,,,,,,,,,,,,,,,,,,,,,,,,,,,,,,,,,,,,,,,,,,,,,,,,,,,,,,,,,,,,,,,,,,,,,,,,,,,,,,,,,,,,,,,,,,,,,,,,,,,,,,,,,,,,,,,,,,,,,,,,,,,,,,,,,,,
"1,17692288928891E+018",Gano Aragua 10-1 a Leones out 27 finalizo.Caracas con bombona de oxigeno.,"1,34806316299892E+018","1,34806316299892E+018",es,everyone,5,10,0.5037,Place,Aragua,008eb02a542ac3d4,0,0,0,0,2021-01-10T00:24:38+00:00,Twitter for Android,False,,,,,,,,,,,,42,48,0.8164,Place,Caracas,,,,,,,,,,,,,,,,,,,,,,,,,,,,,,,,,,,,,,,,,,,,,,,,,,,,,,,,,,,,,,,,,,,,,,,,,,,,,,,,,,,,,,,,,,,,,,,,,,,,,,,,,,,,,,,,,,,,,,,,,,,,,,,,,,,,,,,,,,,,,,,,,,,,,,,,,,,,,,,,,,,,,,,,,,,,,,,,,,,,,,,,,,,,,,,,,,,,,,,,,,,,,,,
150486867,La universidad est√° en shock descompensada y sin nadie que intente darle un soporte.   Nadie le presta una bombona de ox√≠geno nadie le pasa un suero por una v√≠a. Ah√≠ est√° tirada hipotensa taquipneica desaturada en espera que dios por fin se la termine de llevar. https://t.co/Lxz7jU3Uku,"1,34626136096815E+018","1,34626136096815E+018",es,everyone,,,,,,015e5397777769a2,0,0,7,0,2021-01-05T01:04:55+00:00,Twitter for Android,False,,,,,,,263,286,https://t.co/Lxz7jU3Uku,https://twitter.com/Jvan0490/status/1346261360968151041/photo/1,pic.twitter.com/Lxz7jU3Uku,,,,,,"3,13462613555155E+019",,,,,,,,,,,,,,,,,,,,,,,,,,,,,,,,,,,,,,,,,,,,,,,,,,,,,,,,,,,,,,,,,,,,,,,,,,,,,,,,,,,,,,,,,,,,,,,,,,,,,,,,,,,,,,,,,,,,,,,,,,,,,,,,,,,,,,,,,,,,,,,,,,,,,,,,,,,,,,,,,,,,,,,,,,,,,,,,,,,,,,,,,,,,,,,,,,,,,,,,,,,,,,
