id,possibly_sensitive,created_at,context_annotations/0/domain/id,context_annotations/0/domain/name,context_annotations/0/domain/description,context_annotations/0/entity/id,context_annotations/0/entity/name,entities/annotations/0/start,entities/annotations/0/end,entities/annotations/0/probability,entities/annotations/0/type,entities/annotations/0/normalized_text,entities/annotations/1/start,entities/annotations/1/end,entities/annotations/1/probability,entities/annotations/1/type,entities/annotations/1/normalized_text,entities/hashtags/0/start,entities/hashtags/0/end,entities/hashtags/0/tag,entities/hashtags/1/start,entities/hashtags/1/end,entities/hashtags/1/tag,entities/hashtags/2/start,entities/hashtags/2/end,entities/hashtags/2/tag,entities/urls/0/start,entities/urls/0/end,entities/urls/0/url,entities/urls/0/expanded_url,entities/urls/0/display_url,lang,public_metrics/retweet_count,public_metrics/reply_count,public_metrics/like_count,public_metrics/quote_count,author_id,text,reply_settings,source,conversation_id,entities/urls/1/start,entities/urls/1/end,entities/urls/1/url,entities/urls/1/expanded_url,entities/urls/1/display_url,entities/hashtags/3/start,entities/hashtags/3/end,entities/hashtags/3/tag,entities/mentions/0/start,entities/mentions/0/end,entities/mentions/0/username,referenced_tweets/0/type,referenced_tweets/0/id,geo/place_id,entities/urls/0/status,entities/urls/0/unwound_url,entities/annotations/2/start,entities/annotations/2/end,entities/annotations/2/probability,entities/annotations/2/type,entities/annotations/2/normalized_text,context_annotations/1/domain/id,context_annotations/1/domain/name,context_annotations/1/domain/description,context_annotations/1/entity/id,context_annotations/1/entity/name,context_annotations/2/domain/id,context_annotations/2/domain/name,context_annotations/2/domain/description,context_annotations/2/entity/id,context_annotations/2/entity/name,context_annotations/1/entity/description,context_annotations/2/entity/description,context_annotations/0/entity/description,in_reply_to_user_id,context_annotations/3/domain/id,context_annotations/3/domain/name,context_annotations/3/domain/description,context_annotations/3/entity/id,context_annotations/3/entity/name,context_annotations/4/domain/id,context_annotations/4/domain/name,context_annotations/4/domain/description,context_annotations/4/entity/id,context_annotations/4/entity/name,context_annotations/5/domain/id,context_annotations/5/domain/name,context_annotations/5/domain/description,context_annotations/5/entity/id,context_annotations/5/entity/name,context_annotations/6/domain/id,context_annotations/6/domain/name,context_annotations/6/domain/description,context_annotations/6/entity/id,context_annotations/6/entity/name,context_annotations/7/domain/id,context_annotations/7/domain/name,context_annotations/7/domain/description,context_annotations/7/entity/id,context_annotations/7/entity/name,context_annotations/8/domain/id,context_annotations/8/domain/name,context_annotations/8/domain/description,context_annotations/8/entity/id,context_annotations/8/entity/name,context_annotations/9/domain/id,context_annotations/9/domain/name,context_annotations/9/domain/description,context_annotations/9/entity/id,context_annotations/9/entity/name,context_annotations/10/domain/id,context_annotations/10/domain/name,context_annotations/10/domain/description,context_annotations/10/entity/id,context_annotations/10/entity/name,context_annotations/9/entity/description,context_annotations/11/domain/id,context_annotations/11/domain/name,context_annotations/11/domain/description,context_annotations/11/entity/id,context_annotations/11/entity/name,context_annotations/11/entity/description,context_annotations/12/domain/id,context_annotations/12/domain/name,context_annotations/12/domain/description,context_annotations/12/entity/id,context_annotations/12/entity/name,context_annotations/13/domain/id,context_annotations/13/domain/name,context_annotations/13/domain/description,context_annotations/13/entity/id,context_annotations/13/entity/name,context_annotations/14/domain/id,context_annotations/14/domain/name,context_annotations/14/domain/description,context_annotations/14/entity/id,context_annotations/14/entity/name,entities/hashtags/4/start,entities/hashtags/4/end,entities/hashtags/4/tag,entities/mentions/1/start,entities/mentions/1/end,entities/mentions/1/username,entities/mentions/2/start,entities/mentions/2/end,entities/mentions/2/username,entities/mentions/3/start,entities/mentions/3/end,entities/mentions/3/username,entities/mentions/4/start,entities/mentions/4/end,entities/mentions/4/username,entities/mentions/5/start,entities/mentions/5/end,entities/mentions/5/username,entities/mentions/6/start,entities/mentions/6/end,entities/mentions/6/username,entities/mentions/7/start,entities/mentions/7/end,entities/mentions/7/username,entities/mentions/8/start,entities/mentions/8/end,entities/mentions/8/username,entities/mentions/9/start,entities/mentions/9/end,entities/mentions/9/username,entities/hashtags/5/start,entities/hashtags/5/end,entities/hashtags/5/tag,entities/hashtags/6/start,entities/hashtags/6/end,entities/hashtags/6/tag,entities/hashtags/7/start,entities/hashtags/7/end,entities/hashtags/7/tag,geo/coordinates/type,geo/coordinates/coordinates/0,geo/coordinates/coordinates/1,entities/hashtags/8/start,entities/hashtags/8/end,entities/hashtags/8/tag,attachments/media_keys/0,entities/urls/2/start,entities/urls/2/end,entities/urls/2/url,entities/urls/2/expanded_url,entities/urls/2/display_url,attachments/media_keys/1,entities/urls/0/images/0/url,entities/urls/0/images/0/width,entities/urls/0/images/0/height,entities/urls/0/images/1/url,entities/urls/0/images/1/width,entities/urls/0/images/1/height,entities/urls/0/title,entities/urls/0/description
1279420476876611585,False,2020-07-04T14:23:06+00:00,123,Ongoing News Story,Ongoing News Stories like 'Brexit',1220701888179359745,COVID-19,19,33,0.9729,Person,Marina Troconis,67,69,0.7315,Organization,UCI,0,16,ServicioP√∫blico,112,122,COVID__19,183,188,4Jul,159,182,https://t.co/nqnJOmu7SY,https://gf.me/u/ydt2yr,gf.me/u/ydt2yr,es,8,0,4,0,130960665,"#ServicioP√∫blico | Marina Troconis, de 71 a√±os, se encuentra en la UCI debido a una neumon√≠a relacionada con el #COVID__19. Si puede colaborar, ingrese aqu√≠:

https://t.co/nqnJOmu7SY #4Jul",everyone,Twitter Web App,1279420476876611585,,,,,,,,,,,,,,,,,,,,,,,,,,,,,,,,,,,,,,,,,,,,,,,,,,,,,,,,,,,,,,,,,,,,,,,,,,,,,,,,,,,,,,,,,,,,,,,,,,,,,,,,,,,,,,,,,,,,,,,,,,,,,,,,,,,,,,,,,,,,,,,,,,,,,,,,,,,,,
1279420242092003328,False,2020-07-04T14:22:10+00:00,123,Ongoing News Story,Ongoing News Stories like 'Brexit',1220701888179359745,COVID-19,177,185,0.9521,Place,Venezuela,,,,,,,,,,,,,,,187,210,https://t.co/agQGydePi3,https://www.gofundme.com/f/help-my-aunt-is-in-the-icu-covid-19-venezuela?utm_source=twitter&utm_medium=social&utm_campaign=p_cp+share-sheet,gofundme.com/f/help-my-aunt‚Ä¶,es,2,0,0,0,457049674,"Por Favor si Pueden hacer RT, ella es Bioanalista, Fue Profesora y Directora de la Escuela de Bioan√°lisis y necesita de Nuestra Ayuda 

Help! My aunt is in the ICU.  Covid19 in Venezuela https://t.co/agQGydePi3",everyone,Twitter for iPhone,1279420242092003328,,,,,,,,,,,,,,,,,,,,,,,,,,,,,,,,,,,,,,,,,,,,,,,,,,,,,,,,,,,,,,,,,,,,,,,,,,,,,,,,,,,,,,,,,,,,,,,,,,,,,,,,,,,,,,,,,,,,,,,,,,,,,,,,,,,,,,,,,,,,,,,,,,,,,,,,,,,,,
1279419385921376256,False,2020-07-04T14:18:46+00:00,123,Ongoing News Story,Ongoing News Stories like 'Brexit',1220701888179359745,COVID-19,41,49,0.9892,Place,Venezuela,,,,,,,,,,,,,,,51,74,https://t.co/agQGydePi3,https://www.gofundme.com/f/help-my-aunt-is-in-the-icu-covid-19-venezuela?utm_source=twitter&utm_medium=social&utm_campaign=p_cp+share-sheet,gofundme.com/f/help-my-aunt‚Ä¶,en,0,0,0,0,457049674,Help! My aunt is in the ICU.  Covid19 in Venezuela https://t.co/agQGydePi3,everyone,Twitter for iPhone,1279419385921376256,,,,,,,,,,,,,,,,,,,,,,,,,,,,,,,,,,,,,,,,,,,,,,,,,,,,,,,,,,,,,,,,,,,,,,,,,,,,,,,,,,,,,,,,,,,,,,,,,,,,,,,,,,,,,,,,,,,,,,,,,,,,,,,,,,,,,,,,,,,,,,,,,,,,,,,,,,,,,
1279418390399070208,False,2020-07-04T14:14:49+00:00,123,Ongoing News Story,Ongoing News Stories like 'Brexit',1220701888179359745,COVID-19,19,33,0.9748,Person,Marina Troconis,67,69,0.734,Organization,UCI,0,16,ServicioP√∫blico,112,122,COVID__19,,,,158,181,https://t.co/kIkt0hBrE8,https://gf.me/u/ydt2yr,gf.me/u/ydt2yr,es,4,0,1,0,500319739,"#ServicioP√∫blico | Marina Troconis, de 71 a√±os, se encuentra en la UCI debido a una neumon√≠a relacionada con el #COVID__19. Si puede colaborar, ingrese aqu√≠: https://t.co/kIkt0hBrE8",everyone,Twitter Web App,1279418390399070208,,,,,,,,,,,,,,,,,,,,,,,,,,,,,,,,,,,,,,,,,,,,,,,,,,,,,,,,,,,,,,,,,,,,,,,,,,,,,,,,,,,,,,,,,,,,,,,,,,,,,,,,,,,,,,,,,,,,,,,,,,,,,,,,,,,,,,,,,,,,,,,,,,,,,,,,,,,,,
1279395454636175360,False,2020-07-04T12:43:41+00:00,123,Ongoing News Story,Ongoing News Stories like 'Brexit',1220701888179359745,COVID-19,41,49,0.9892,Place,Venezuela,,,,,,,,,,,,,,,51,74,https://t.co/rSz7JOopWS,https://www.gofundme.com/f/help-my-aunt-is-in-the-icu-covid-19-venezuela?utm_source=twitter&utm_medium=social&utm_campaign=p_cp+share-sheet,gofundme.com/f/help-my-aunt‚Ä¶,en,1,1,0,0,138495594,Help! My aunt is in the ICU.  Covid19 in Venezuela https://t.co/rSz7JOopWS,everyone,Twitter for Android,1279395454636175360,,,,,,,,,,,,,,,,,,,,,,,,,,,,,,,,,,,,,,,,,,,,,,,,,,,,,,,,,,,,,,,,,,,,,,,,,,,,,,,,,,,,,,,,,,,,,,,,,,,,,,,,,,,,,,,,,,,,,,,,,,,,,,,,,,,,,,,,,,,,,,,,,,,,,,,,,,,,,
1279369983508844545,False,2020-07-04T11:02:28+00:00,123,Ongoing News Story,Ongoing News Stories like 'Brexit',1220701888179359745,COVID-19,13,18,0.4508,Person,Marina,39,97,0.495,Other,Escuela de Bioan√°lisis de la Facultad de Medicina de la UCV,,,,,,,,,,249,272,https://t.co/6f6ciSzVFA,https://gf.me/u/ydt2yr,gf.me/u/ydt2yr,es,0,0,0,0,102567480,"La profesora Marina, exdirectora de la Escuela de Bioan√°lisis de la Facultad de Medicina de la UCV, est√° luchando contra el COVID-19 y su familia recauda fondos para cubrir los gastos m√©dicos. Pueden compartir esta campa√±a para que alcance su meta: https://t.co/6f6ciSzVFA",everyone,Twitter for Android,1279369983508844545,,,,,,,,,,,,,,,,,,,,,,,,,,,,,,,,,,,,,,,,,,,,,,,,,,,,,,,,,,,,,,,,,,,,,,,,,,,,,,,,,,,,,,,,,,,,,,,,,,,,,,,,,,,,,,,,,,,,,,,,,,,,,,,,,,,,,,,,,,,,,,,,,,,,,,,,,,,,,
1279309704271933440,False,2020-07-04T07:02:56+00:00,123,Ongoing News Story,Ongoing News Stories like 'Brexit',1220701888179359745,COVID-19,95,103,0.7408,Place,Venezuela,,,,,,,,,,,,,,,105,128,https://t.co/DmK2we9i0V,https://www.gofundme.com/f/help-my-aunt-is-in-the-icu-covid-19-venezuela,gofundme.com/f/help-my-aunt‚Ä¶,es,0,0,0,0,128020102,"Lo m√°s visto del d√≠a: Fundraiser by Milagros Aleman : Help! My aunt is in the ICU.  Covid19 in Venezuela https://t.co/DmK2we9i0V, see more https://t.co/0gpGja1eYC",everyone,The Tweeted Times,1279309704271933440,139,162,https://t.co/0gpGja1eYC,http://tweetedtimes.com/jaalemand?s=tnp,tweetedtimes.com/jaalemand?s=tnp,,,,,,,,,,,,,,,,,,,,,,,,,,,,,,,,,,,,,,,,,,,,,,,,,,,,,,,,,,,,,,,,,,,,,,,,,,,,,,,,,,,,,,,,,,,,,,,,,,,,,,,,,,,,,,,,,,,,,,,,,,,,,,,,,,,,,,,,,,,,,,,,,,,,,,,,
1279296525575827457,False,2020-07-04T06:10:34+00:00,123,Ongoing News Story,Ongoing News Stories like 'Brexit',1220701888179359745,COVID-19,41,49,0.9892,Place,Venezuela,,,,,,,,,,,,,,,51,74,https://t.co/BUMuqaKssN,https://www.gofundme.com/f/help-my-aunt-is-in-the-icu-covid-19-venezuela?utm_source=twitter&utm_medium=social&utm_campaign=p_cp+share-sheet,gofundme.com/f/help-my-aunt‚Ä¶,en,0,0,0,0,118521064,Help! My aunt is in the ICU.  Covid19 in Venezuela https://t.co/BUMuqaKssN,everyone,Twitter Web App,1279296525575827457,,,,,,,,,,,,,,,,,,,,,,,,,,,,,,,,,,,,,,,,,,,,,,,,,,,,,,,,,,,,,,,,,,,,,,,,,,,,,,,,,,,,,,,,,,,,,,,,,,,,,,,,,,,,,,,,,,,,,,,,,,,,,,,,,,,,,,,,,,,,,,,,,,,,,,,,,,,,,
1279278414319554569,False,2020-07-04T04:58:36+00:00,123,Ongoing News Story,Ongoing News Stories like 'Brexit',1220701888179359745,COVID-19,25,39,0.9466,Person,Milagros Aleman,84,92,0.9644,Place,Venezuela,,,,,,,,,,94,117,https://t.co/oTaJEEWlaM,https://www.gofundme.com/f/help-my-aunt-is-in-the-icu-covid-19-venezuela,gofundme.com/f/help-my-aunt‚Ä¶,en,0,0,0,0,1626773486,"Top story: Fundraiser by Milagros Aleman : Help! My aunt is in the ICU.  Covid19 in Venezuela https://t.co/oTaJEEWlaM, see more https://t.co/gvv3IP1suu",everyone,The Tweeted Times,1279278414319554569,128,151,https://t.co/gvv3IP1suu,http://tweetedtimes.com/El_J0k3rR?s=tnp,tweetedtimes.com/El_J0k3rR?s=tnp,,,,,,,,,,,,,,,,,,,,,,,,,,,,,,,,,,,,,,,,,,,,,,,,,,,,,,,,,,,,,,,,,,,,,,,,,,,,,,,,,,,,,,,,,,,,,,,,,,,,,,,,,,,,,,,,,,,,,,,,,,,,,,,,,,,,,,,,,,,,,,,,,,,,,,,,
1279266354068099078,False,2020-07-04T04:10:41+00:00,123,Ongoing News Story,Ongoing News Stories like 'Brexit',1220701888179359745,COVID-19,41,49,0.9892,Place,Venezuela,,,,,,,,,,,,,,,51,74,https://t.co/VRVNEB4hhh,https://www.gofundme.com/f/help-my-aunt-is-in-the-icu-covid-19-venezuela?utm_source=twitter&utm_medium=social&utm_campaign=p_cp+share-sheet,gofundme.com/f/help-my-aunt‚Ä¶,en,0,0,0,0,272073188,Help! My aunt is in the ICU.  Covid19 in Venezuela https://t.co/VRVNEB4hhh,everyone,Twitter Web App,1279266354068099078,,,,,,,,,,,,,,,,,,,,,,,,,,,,,,,,,,,,,,,,,,,,,,,,,,,,,,,,,,,,,,,,,,,,,,,,,,,,,,,,,,,,,,,,,,,,,,,,,,,,,,,,,,,,,,,,,,,,,,,,,,,,,,,,,,,,,,,,,,,,,,,,,,,,,,,,,,,,,
1279253171257434114,False,2020-07-04T03:18:18+00:00,123,Ongoing News Story,Ongoing News Stories like 'Brexit',1220701888179359745,COVID-19,41,49,0.9892,Place,Venezuela,,,,,,,,,,,,,,,51,74,https://t.co/2VHeZIVesa,https://www.gofundme.com/f/help-my-aunt-is-in-the-icu-covid-19-venezuela?utm_source=twitter&utm_medium=social&utm_campaign=p_cp+share-sheet,gofundme.com/f/help-my-aunt‚Ä¶,en,0,0,0,0,119102240,Help! My aunt is in the ICU.  Covid19 in Venezuela https://t.co/2VHeZIVesa,everyone,Twitter for Android,1279253171257434114,,,,,,,,,,,,,,,,,,,,,,,,,,,,,,,,,,,,,,,,,,,,,,,,,,,,,,,,,,,,,,,,,,,,,,,,,,,,,,,,,,,,,,,,,,,,,,,,,,,,,,,,,,,,,,,,,,,,,,,,,,,,,,,,,,,,,,,,,,,,,,,,,,,,,,,,,,,,,
1279251511932006401,False,2020-07-04T03:11:42+00:00,123,Ongoing News Story,Ongoing News Stories like 'Brexit',1220701888179359745,COVID-19,41,49,0.9892,Place,Venezuela,,,,,,,,,,,,,,,51,74,https://t.co/JDKZx3JqfY,https://www.gofundme.com/f/help-my-aunt-is-in-the-icu-covid-19-venezuela?utm_source=twitter&utm_medium=social&utm_campaign=p_cp+share-sheet,gofundme.com/f/help-my-aunt‚Ä¶,en,0,0,0,0,413508018,Help! My aunt is in the ICU.  Covid19 in Venezuela https://t.co/JDKZx3JqfY,everyone,Twitter Web App,1279251511932006401,,,,,,,,,,,,,,,,,,,,,,,,,,,,,,,,,,,,,,,,,,,,,,,,,,,,,,,,,,,,,,,,,,,,,,,,,,,,,,,,,,,,,,,,,,,,,,,,,,,,,,,,,,,,,,,,,,,,,,,,,,,,,,,,,,,,,,,,,,,,,,,,,,,,,,,,,,,,,
1279250172850159616,False,2020-07-04T03:06:23+00:00,123,Ongoing News Story,Ongoing News Stories like 'Brexit',1220701888179359745,COVID-19,217,225,0.9432,Place,Venezuela,,,,,,,,,,,,,,,227,250,https://t.co/2SiJGYlqwq,https://www.gofundme.com/f/help-my-aunt-is-in-the-icu-covid-19-venezuela?utm_source=twitter&utm_medium=social&utm_campaign=p_cp+share-sheet,gofundme.com/f/help-my-aunt‚Ä¶,es,189,3,50,3,2305468752,"La APUCV invita a sus agremiados a contribuir, en la medida    de sus posibilidades,  en esta campa√±a para ayudar a la profesora Marina Troconiz, ex directora de Bioanalisis 

Help! My aunt is in the ICU.  Covid19 in Venezuela https://t.co/2SiJGYlqwq",everyone,Twitter for Android,1279250172850159616,,,,,,,,,,,,,,,,,,,,,,,,,,,,,,,,,,,,,,,,,,,,,,,,,,,,,,,,,,,,,,,,,,,,,,,,,,,,,,,,,,,,,,,,,,,,,,,,,,,,,,,,,,,,,,,,,,,,,,,,,,,,,,,,,,,,,,,,,,,,,,,,,,,,,,,,,,,,,
1279232528281415680,False,2020-07-04T01:56:16+00:00,123,Ongoing News Story,Ongoing News Stories like 'Brexit',1220701888179359745,COVID-19,19,24,0.6336,Person,Marina,159,167,0.9847,Place,Venezuela,0,16,ServicioP√∫blico,228,237,Gofundme,,,,238,261,https://t.co/ScE0eW4QoI,https://gf.me/u/ydt2yr,gf.me/u/ydt2yr,es,303,0,49,1,2828470096,"#ServicioP√∫blico | Marina, de 71 a√±os de edad, result√≥ positiva en la prueba del COVID-19. La paciente se encuentra en terapia intensiva. Ante la situaci√≥n de Venezuela, la familia solicita apoyo. Si deseas colaborar ingresa al #Gofundme https://t.co/ScE0eW4QoI",everyone,Twitter for Android,1279232528281415680,,,,,,,,,,,,,,,,,,,,,,,,,,,,,,,,,,,,,,,,,,,,,,,,,,,,,,,,,,,,,,,,,,,,,,,,,,,,,,,,,,,,,,,,,,,,,,,,,,,,,,,,,,,,,,,,,,,,,,,,,,,,,,,,,,,,,,,,,,,,,,,,,,,,,,,,,,,,,
1279218310928912384,False,2020-07-04T00:59:46+00:00,123,Ongoing News Story,Ongoing News Stories like 'Brexit',1220701888179359745,COVID-19,,,,,,,,,,,0,5,3Jul,6,22,ServicioP√∫blico,88,100,coronavirus,223,246,https://t.co/EEcqhiQ5iH,http://gf.me/u/ydt2yr,gf.me/u/ydt2yr,es,26,1,7,2,221378668,"#3Jul #ServicioP√∫blico @gustavoaleman: ""A mi familia le toc√≥ ponerle rostro y nombre al #coronavirus 
Mi t√≠a est√° hospitalizada desde el 20/06 x neumon√≠a relacionada a #Covid_19 su seguro de 50k$ se ha quedado corto (...)"" https://t.co/EEcqhiQ5iH",everyone,TweetDeck,1279218310928912384,,,,,,168,177,Covid_19,23,37,gustavoaleman,,,,,,,,,,,,,,,,,,,,,,,,,,,,,,,,,,,,,,,,,,,,,,,,,,,,,,,,,,,,,,,,,,,,,,,,,,,,,,,,,,,,,,,,,,,,,,,,,,,,,,,,,,,,,,,,,,,,,,,,,,,,,,,,,,,,,,,,,,,,,,,,,,
1279214038141059072,False,2020-07-04T00:42:47+00:00,123,Ongoing News Story,Ongoing News Stories like 'Brexit',1220701888179359745,COVID-19,41,49,0.9892,Place,Venezuela,,,,,,,,,,,,,,,51,74,https://t.co/bBCrydc65a,https://www.gofundme.com/f/help-my-aunt-is-in-the-icu-covid-19-venezuela?utm_source=twitter&utm_medium=social&utm_campaign=p_cp+share-sheet,gofundme.com/f/help-my-aunt‚Ä¶,en,0,0,0,0,874878906,Help! My aunt is in the ICU.  Covid19 in Venezuela https://t.co/bBCrydc65a,everyone,Twitter for Android,1279214038141059072,,,,,,,,,,,,,,,,,,,,,,,,,,,,,,,,,,,,,,,,,,,,,,,,,,,,,,,,,,,,,,,,,,,,,,,,,,,,,,,,,,,,,,,,,,,,,,,,,,,,,,,,,,,,,,,,,,,,,,,,,,,,,,,,,,,,,,,,,,,,,,,,,,,,,,,,,,,,,
1279207632654553088,False,2020-07-04T00:17:20+00:00,123,Ongoing News Story,Ongoing News Stories like 'Brexit',1220701888179359745,COVID-19,92,97,0.4162,Place,Marina,233,241,0.9639,Place,Venezuela,,,,,,,,,,243,266,https://t.co/OqaijJKTLx,https://www.gofundme.com/f/help-my-aunt-is-in-the-icu-covid-19-venezuela?utm_source=twitter&utm_medium=social&utm_campaign=p_cp+share-sheet,gofundme.com/f/help-my-aunt‚Ä¶,es,0,0,0,0,65042243,Est√° familia que tanto quiero est√° atravesando por esta dif√≠cil situaci√≥n. Dios permita que Marina se recupere pronto y a quien pueda colaborar mil gracias.                                    Help! My aunt is in the ICU.  Covid19 in Venezuela https://t.co/OqaijJKTLx,everyone,Twitter for Android,1279207632654553088,,,,,,,,,,,,,,,,,,,,,,,,,,,,,,,,,,,,,,,,,,,,,,,,,,,,,,,,,,,,,,,,,,,,,,,,,,,,,,,,,,,,,,,,,,,,,,,,,,,,,,,,,,,,,,,,,,,,,,,,,,,,,,,,,,,,,,,,,,,,,,,,,,,,,,,,,,,,,
1279206379639758849,True,2020-07-04T00:12:22+00:00,123,Ongoing News Story,Ongoing News Stories like 'Brexit',1220701888179359745,COVID-19,,,,,,,,,,,59,67,covid19,,,,,,,70,93,https://t.co/LYskywq0uY,https://gf.me/u/ydt2yr,gf.me/u/ydt2yr,es,0,0,1,0,116062360,"Ayudemos a mi t√≠a a salir de terapia intensiva a causa del #covid19 

https://t.co/LYskywq0uY https://t.co/FHWeYETZOn",everyone,Twitter for iPhone,1279206379639758849,94,117,https://t.co/FHWeYETZOn,https://twitter.com/gustavoaleman/status/1279191840856694787,twitter.com/gustavoaleman/‚Ä¶,,,,,,,quoted,1279191840856694787,,,,,,,,,,,,,,,,,,,,,,,,,,,,,,,,,,,,,,,,,,,,,,,,,,,,,,,,,,,,,,,,,,,,,,,,,,,,,,,,,,,,,,,,,,,,,,,,,,,,,,,,,,,,,,,,,,,,,,,,,,,,,,,,,,,,,,,,,,,,,,,,
1279191840856694787,False,2020-07-03T23:14:35+00:00,123,Ongoing News Story,Ongoing News Stories like 'Brexit',1220701888179359745,COVID-19,,,,,,,,,,,48,60,coronavirus,128,137,Covid_19,,,,255,278,https://t.co/zg73EXavx0,https://gf.me/u/ydt2yr,gf.me/u/ydt2yr,es,729,14,172,29,104989592,"A mi familia le toc√≥ ponerle rostro y nombre al #coronavirus 
Mi t√≠a est√° hospitalizada desde el 20/06 x neumon√≠a relacionada a #Covid_19 su seguro de 50k$ se ha quedado corto y aunque est√° respondiendo bien al tratamiento es un proceso lento. ¬°Ay√∫danos! https://t.co/zg73EXavx0",everyone,Twitter for iPhone,1279191840856694787,,,,,,,,,,,,,,,,,,,,,,,,,,,,,,,,,,,,,,,,,,,,,,,,,,,,,,,,,,,,,,,,,,,,,,,,,,,,,,,,,,,,,,,,,,,,,,,,,,,,,,,,,,,,,,,,,,,,,,,,,,,,,,,,,,,,,,,,,,,,,,,,,,,,,,,,,,,,,
1279180397545316352,False,2020-07-03T22:29:07+00:00,123,Ongoing News Story,Ongoing News Stories like 'Brexit',1220701888179359745,COVID-19,84,90,0.504,Person,Covid19,95,103,0.9812,Place,Venezuela,,,,,,,,,,105,128,https://t.co/iqcLEHVPG8,https://www.gofundme.com/f/help-my-aunt-is-in-the-icu-covid-19-venezuela?utm_source=twitter&utm_medium=social&utm_campaign=p_cp+share-sheet,gofundme.com/f/help-my-aunt‚Ä¶,en,1,0,0,0,29696505,"If you can, please donate: A friend's aunt is in the ICU after being diagnosed with Covid19 in Venezuela https://t.co/iqcLEHVPG8",everyone,Twitter Web App,1279180397545316352,,,,,,,,,,,,,,,,,,,,,,,,,,,,,,,,,,,,,,,,,,,,,,,,,,,,,,,,,,,,,,,,,,,,,,,,,,,,,,,,,,,,,,,,,,,,,,,,,,,,,,,,,,,,,,,,,,,,,,,,,,,,,,,,,,,,,,,,,,,,,,,,,,,,,,,,,,,,,
1279177876470927360,False,2020-07-03T22:19:06+00:00,123,Ongoing News Story,Ongoing News Stories like 'Brexit',1220701888179359745,COVID-19,85,89,0.2622,Place,Covid,,,,,,0,16,ServicioP√∫blico,,,,,,,212,235,https://t.co/0uggpdmDmo,https://gf.me/u/ydt2yr,gf.me/u/ydt2yr,es,0,0,0,0,82772732,"#ServicioP√∫blico | La t√≠a de un amigo est√° hospitalizada por una neumon√≠a asociada a Covid-19. 

Su seguro ya no aguanta y necesita ayuda para mantener su hospitalizaci√≥n. 

Quien pueda ayudar, lo agradecemos. 
 https://t.co/0uggpdmDmo",everyone,Twitter for Android,1279177876470927360,,,,,,,,,,,,,,,,,,,,,,,,,,,,,,,,,,,,,,,,,,,,,,,,,,,,,,,,,,,,,,,,,,,,,,,,,,,,,,,,,,,,,,,,,,,,,,,,,,,,,,,,,,,,,,,,,,,,,,,,,,,,,,,,,,,,,,,,,,,,,,,,,,,,,,,,,,,,,
1279174206471766017,False,2020-07-03T22:04:31+00:00,,,,,,21,28,0.4975,Person,Milagros,,,,,,,,,,,,,,,31,54,https://t.co/YwDA4Y5MXi,https://www.gofundme.com/f/help-my-aunt-is-in-the-icu-covid-19-venezuela?utm_source=twitter&utm_medium=social&utm_campaign=p_cp+share-sheet,gofundme.com/f/help-my-aunt‚Ä¶,es,3,0,0,0,45177361,Ayudemos a la se√±ora Milagros  https://t.co/YwDA4Y5MXi üëáüëá,everyone,Twitter Web App,1279174206471766017,,,,,,,,,,,,,,,,,,,,,,,,,,,,,,,,,,,,,,,,,,,,,,,,,,,,,,,,,,,,,,,,,,,,,,,,,,,,,,,,,,,,,,,,,,,,,,,,,,,,,,,,,,,,,,,,,,,,,,,,,,,,,,,,,,,,,,,,,,,,,,,,,,,,,,,,,,,,,
1279170859836596224,False,2020-07-03T21:51:13+00:00,123,Ongoing News Story,Ongoing News Stories like 'Brexit',1220701888179359745,COVID-19,41,49,0.9892,Place,Venezuela,,,,,,,,,,,,,,,51,74,https://t.co/3Umb2ewFj9,https://www.gofundme.com/f/help-my-aunt-is-in-the-icu-covid-19-venezuela?utm_source=twitter&utm_medium=social&utm_campaign=p_cp+share-sheet,gofundme.com/f/help-my-aunt‚Ä¶,en,1,0,1,0,196546619,Help! My aunt is in the ICU.  Covid19 in Venezuela https://t.co/3Umb2ewFj9,everyone,Twitter for iPhone,1279170859836596224,,,,,,,,,,,,,,55b4f9e5c516e0b6,,,,,,,,,,,,,,,,,,,,,,,,,,,,,,,,,,,,,,,,,,,,,,,,,,,,,,,,,,,,,,,,,,,,,,,,,,,,,,,,,,,,,,,,,,,,,,,,,,,,,,,,,,,,,,,,,,,,,,,,,,,,,,,,,,,,,,,,,,,,,,,
1279162243691749377,False,2020-07-03T21:16:59+00:00,123,Ongoing News Story,Ongoing News Stories like 'Brexit',1220701888179359745,COVID-19,41,49,0.9892,Place,Venezuela,,,,,,,,,,,,,,,51,74,https://t.co/wzrQc9PXoq,https://www.gofundme.com/f/help-my-aunt-is-in-the-icu-covid-19-venezuela?utm_source=twitter&utm_medium=social&utm_campaign=m_pd+share-sheet,gofundme.com/f/help-my-aunt‚Ä¶,en,0,0,0,0,2948028699,Help! My aunt is in the ICU.  Covid19 in Venezuela https://t.co/wzrQc9PXoq,everyone,Twitter for Android,1279162243691749377,,,,,,,,,,,,,,,,,,,,,,,,,,,,,,,,,,,,,,,,,,,,,,,,,,,,,,,,,,,,,,,,,,,,,,,,,,,,,,,,,,,,,,,,,,,,,,,,,,,,,,,,,,,,,,,,,,,,,,,,,,,,,,,,,,,,,,,,,,,,,,,,,,,,,,,,,,,,,
1279157797226262535,False,2020-07-03T20:59:19+00:00,,,,,,27,49,0.7706,Person,Marina Troconis Luzardo,,,,,,0,16,ServicioP√∫blico,,,,,,,250,273,https://t.co/sbsGeMYOGY,https://www.gofundme.com/f/help-my-aunt-is-in-the-icu-covid-19-venezuela?utm_source=customer&utm_campaign=p_cp+share-sheet&utm_medium=copy_link-tip,gofundme.com/f/help-my-aunt‚Ä¶,es,10,1,1,1,3331489667,"#ServicioP√∫blico | La Sra. Marina Troconis Luzardo se encuentra desde hace una semana en Terapia intensiva, ya no cuenta con los recursos necesarios para permanecer all√≠, por lo que requiere de nuestra solidaridad. 

Tlf de Contacto: 0414-3204682  

https://t.co/sbsGeMYOGY",everyone,Twitter Web App,1279157797226262535,,,,,,,,,,,,,,,200,https://www.gofundme.com/f/help-my-aunt-is-in-the-icu-covid-19-venezuela?utm_source=customer&utm_campaign=p_cp+share-sheet&utm_medium=copy_link-tip,,,,,,,,,,,,,,,,,,,,,,,,,,,,,,,,,,,,,,,,,,,,,,,,,,,,,,,,,,,,,,,,,,,,,,,,,,,,,,,,,,,,,,,,,,,,,,,,,,,,,,,,,,,,,,,,,,,,,,,,,,,,,,,,,,,,,,,,,,,,,
1279153034812100614,False,2020-07-03T20:40:23+00:00,123,Ongoing News Story,Ongoing News Stories like 'Brexit',1220701888179359745,COVID-19,74,76,0.5729,Place,UCI,82,88,0.3192,Place,Covid19,,,,,,,,,,202,225,https://t.co/3Z0cnHxNxL,https://www.gofundme.com/f/help-my-aunt-is-in-the-icu-covid-19-venezuela?utm_source=twitter&utm_medium=social&utm_campaign=p_cp+share-sheet,gofundme.com/f/help-my-aunt‚Ä¶,es,1,1,1,0,1115968806042644480,"Estoy pidiendo esta ayuda para la madre de un amigo que est√° internada en UCI por Covid19, en Venezuela. Todo lo que puedas aportar, suma a la causa. Podemos juntos salvar otra vida. Un abrazo de luz.  https://t.co/3Z0cnHxNxL",everyone,Twitter for Android,1279153034812100614,,,,,,,,,,,,,,,,,94,102,0.9975,Place,Venezuela,,,,,,,,,,,,,,,,,,,,,,,,,,,,,,,,,,,,,,,,,,,,,,,,,,,,,,,,,,,,,,,,,,,,,,,,,,,,,,,,,,,,,,,,,,,,,,,,,,,,,,,,,,,,,,,,,,,,,,,,,,,,,,,,,,,,,,,,
1279150455667527680,False,2020-07-03T20:30:08+00:00,,,,,,,,,,,,,,,,1,27,PublicServiceAnnouncement,,,,,,,95,118,https://t.co/jb1vmc74Q8,https://gf.me/u/ydt2yr,gf.me/u/ydt2yr,en,0,1,0,0,2153531058,"üö®#PublicServiceAnnouncement A dear friend is in need of your help. Details? Please see here.üëáüèª
https://t.co/jb1vmc74Q8",everyone,Twitter for iPhone,1279150455667527680,,,,,,,,,,,,,,2a3f152d1ac5044a,,,,,,,,,,,,,,,,,,,,,,,,,,,,,,,,,,,,,,,,,,,,,,,,,,,,,,,,,,,,,,,,,,,,,,,,,,,,,,,,,,,,,,,,,,,,,,,,,,,,,,,,,,,,,,,,,,,,,,,,,,,,,,,,,,,,,,,,,,,,,,,
1279149370378723329,False,2020-07-03T20:25:50+00:00,123,Ongoing News Story,Ongoing News Stories like 'Brexit',1220701888179359745,COVID-19,57,63,0.9751,Place,Caracas,,,,,,71,78,20junh,,,,,,,238,261,https://t.co/gJ9KYYG8I0,https://www.gofundme.com/f/help-my-aunt-is-in-the-icu-covid-19-venezuela?utm_source=facebook&utm_medium=social&utm_campaign=p_cf+share-flow-1&fbclid=IwAR0cTvObpWQowlSG64miNXIOt6XB16Diq7Dq2Io6MlaSAWlPVOPJygfQeqk,gofundme.com/f/help-my-aunt‚Ä¶,es,4,0,0,0,37716588,"Para la t√≠a de un amigo, hospitalizada en una cl√≠nica de Caracas desde #20junh por una neumon√≠a y relacionada a COVID-19. Todo suma, no hay monto peque√±o. Si ven que se les hace dif√≠cil donar contactar directamente para otras opciones. 

https://t.co/gJ9KYYG8I0",everyone,Twitter Web App,1279149370378723329,,,,,,,,,,,,,,,,,,,,,,,,,,,,,,,,,,,,,,,,,,,,,,,,,,,,,,,,,,,,,,,,,,,,,,,,,,,,,,,,,,,,,,,,,,,,,,,,,,,,,,,,,,,,,,,,,,,,,,,,,,,,,,,,,,,,,,,,,,,,,,,,,,,,,,,,,,,,,
1279147195971915777,False,2020-07-03T20:17:11+00:00,,,,,,,,,,,,,,,,,,,,,,,,,0,23,https://t.co/8fyo8XiCWw,https://gf.me/u/ydt2yr,gf.me/u/ydt2yr,und,0,0,0,0,88083777,https://t.co/8fyo8XiCWw,everyone,Twitter for Android,1279147195971915777,,,,,,,,,,,,,,,,,,,,,,,,,,,,,,,,,,,,,,,,,,,,,,,,,,,,,,,,,,,,,,,,,,,,,,,,,,,,,,,,,,,,,,,,,,,,,,,,,,,,,,,,,,,,,,,,,,,,,,,,,,,,,,,,,,,,,,,,,,,,,,,,,,,,,,,,,,,,,
1279146980581740544,False,2020-07-03T20:16:20+00:00,123,Ongoing News Story,Ongoing News Stories like 'Brexit',1220701888179359745,COVID-19,13,18,0.4508,Person,Marina,39,97,0.495,Other,Escuela de Bioan√°lisis de la Facultad de Medicina de la UCV,,,,,,,,,,249,272,https://t.co/2dYJ6fEAhq,https://gf.me/u/ydt2yr,gf.me/u/ydt2yr,es,4320,14,1138,30,43968870,"La profesora Marina, exdirectora de la Escuela de Bioan√°lisis de la Facultad de Medicina de la UCV, est√° luchando contra el COVID-19 y su familia recauda fondos para cubrir los gastos m√©dicos. Pueden compartir esta campa√±a para que alcance su meta: https://t.co/2dYJ6fEAhq",everyone,Twitter for Android,1279146980581740544,,,,,,,,,,,,,,,,,,,,,,,,,,,,,,,,,,,,,,,,,,,,,,,,,,,,,,,,,,,,,,,,,,,,,,,,,,,,,,,,,,,,,,,,,,,,,,,,,,,,,,,,,,,,,,,,,,,,,,,,,,,,,,,,,,,,,,,,,,,,,,,,,,,,,,,,,,,,,
1279146755108622336,False,2020-07-03T20:15:26+00:00,123,Ongoing News Story,Ongoing News Stories like 'Brexit',1220701888179359745,COVID-19,31,45,0.8922,Person,Marina Troconiz,,,,,,,,,,,,,,,135,158,https://t.co/Ja5ZoLr6vL,https://gf.me/u/ydt2yr,gf.me/u/ydt2yr,es,1,0,0,1,80687492,"Ayudemos con esta campa√±a para Marina Troconiz, hospitalizada desde el 20 de junio por una neumon√≠a relacionada a COVID-19. Todo suma

https://t.co/Ja5ZoLr6vL",everyone,Twitter for iPhone,1279146755108622336,,,,,,,,,,,,,,,,,,,,,,,,,,,,,,,,,,,,,,,,,,,,,,,,,,,,,,,,,,,,,,,,,,,,,,,,,,,,,,,,,,,,,,,,,,,,,,,,,,,,,,,,,,,,,,,,,,,,,,,,,,,,,,,,,,,,,,,,,,,,,,,,,,,,,,,,,,,,,
1279144526322503681,False,2020-07-03T20:06:35+00:00,123,Ongoing News Story,Ongoing News Stories like 'Brexit',1220701888179359745,COVID-19,20,29,0.1913,Person,Sra Marina,53,59,0.9975,Place,Caracas,0,16,ServicioPublico,,,,,,,255,278,https://t.co/suRVDoCcjn,https://gf.me/u/ydt2yr,gf.me/u/ydt2yr,es,368,3,70,3,27507139,"#ServicioPublico La Sra Marina est√° hospitalizada en Caracas por neumon√≠a asociada al COVID-19. Los gastos en la Venezuela actual escapan de las manos de sus familiares y por eso piden ayuda. Todo suma, igual compartir la campa√±a y oraciones por su salud https://t.co/suRVDoCcjn",everyone,Twitter for Android,1279144526322503681,,,,,,,,,,,,,,,,,113,121,0.9724,Place,Venezuela,,,,,,,,,,,,,,,,,,,,,,,,,,,,,,,,,,,,,,,,,,,,,,,,,,,,,,,,,,,,,,,,,,,,,,,,,,,,,,,,,,,,,,,,,,,,,,,,,,,,,,,,,,,,,,,,,,,,,,,,,,,,,,,,,,,,,,,,
1279143991745941504,False,2020-07-03T20:04:27+00:00,123,Ongoing News Story,Ongoing News Stories like 'Brexit',1220701888179359745,COVID-19,,,,,,,,,,,0,16,ServicioPublico,17,26,Covid_19,,,,28,51,https://t.co/Atogy18BFL,https://gf.me/u/ydt2yr,gf.me/u/ydt2yr,es,5,0,0,0,116651411,"#ServicioPublico #Covid_19 
https://t.co/Atogy18BFL ay√∫dame a ayudar üëáüèª",everyone,Twitter for iPhone,1279143991745941504,,,,,,,,,,,,,,,,,,,,,,,,,,,,,,,,,,,,,,,,,,,,,,,,,,,,,,,,,,,,,,,,,,,,,,,,,,,,,,,,,,,,,,,,,,,,,,,,,,,,,,,,,,,,,,,,,,,,,,,,,,,,,,,,,,,,,,,,,,,,,,,,,,,,,,,,,,,,,
1279143797646143490,False,2020-07-03T20:03:41+00:00,,,,,,,,,,,,,,,,,,,,,,,,,30,53,https://t.co/rgYm4azvRq,https://gf.me/u/ydt2yr,gf.me/u/ydt2yr,es,0,0,0,0,45069160,"la tia madrina de un pana... 
https://t.co/rgYm4azvRq",everyone,Twitter Web App,1279143797646143490,,,,,,,,,,,,,,,,,,,,,,,,,,,,,,,,,,,,,,,,,,,,,,,,,,,,,,,,,,,,,,,,,,,,,,,,,,,,,,,,,,,,,,,,,,,,,,,,,,,,,,,,,,,,,,,,,,,,,,,,,,,,,,,,,,,,,,,,,,,,,,,,,,,,,,,,,,,,,
1279142790841196544,False,2020-07-03T19:59:41+00:00,123,Ongoing News Story,Ongoing News Stories like 'Brexit',1220701888179359745,COVID-19,41,49,0.9892,Place,Venezuela,,,,,,,,,,,,,,,51,74,https://t.co/17zzqkQJqF,https://www.gofundme.com/f/help-my-aunt-is-in-the-icu-covid-19-venezuela?utm_source=twitter&utm_medium=social&utm_campaign=p_cp+share-sheet,gofundme.com/f/help-my-aunt‚Ä¶,en,0,0,0,0,65983239,Help! My aunt is in the ICU.  Covid19 in Venezuela https://t.co/17zzqkQJqF,everyone,Twitter for iPhone,1279142790841196544,,,,,,,,,,,,,,,,,,,,,,,,,,,,,,,,,,,,,,,,,,,,,,,,,,,,,,,,,,,,,,,,,,,,,,,,,,,,,,,,,,,,,,,,,,,,,,,,,,,,,,,,,,,,,,,,,,,,,,,,,,,,,,,,,,,,,,,,,,,,,,,,,,,,,,,,,,,,,
1279139048993566720,False,2020-07-03T19:44:49+00:00,10,Person,Named people in the world like Nelson Mandela,1155924022275633152,Nitu P√©rez Osuna,104,112,0.9404,Place,Venezuela,,,,,,,,,,,,,,,114,137,https://t.co/pyREsfXwuT,https://www.gofundme.com/f/help-my-aunt-is-in-the-icu-covid-19-venezuela?utm_source=twitter&utm_medium=social&utm_campaign=p_cp+share-sheet,gofundme.com/f/help-my-aunt‚Ä¶,es,220,1,41,0,78723428,Vamos a ayudar con lo que podamos!! Aunque sea a regar la voz. Help! My aunt is in the ICU.  Covid19 in Venezuela https://t.co/pyREsfXwuT,everyone,Twitter for iPhone,1279139048993566720,,,,,,,,,,,,,,,200,https://www.gofundme.com/f/help-my-aunt-is-in-the-icu-covid-19-venezuela?utm_source=twitter&utm_medium=social&utm_campaign=p_cp+share-sheet,,,,,,94,Journalist,A journalist like 'Anderson Cooper',1155924022275633152,Nitu P√©rez Osuna,123,Ongoing News Story,Ongoing News Stories like 'Brexit',1220701888179359745,COVID-19,,,,,,,,,,,,,,,,,,,,,,,,,,,,,,,,,,,,,,,,,,,,,,,,,,,,,,,,,,,,,,,,,,,,,,,,,,,,,,,,,,,,,,,,,,,,,,,,,,,,,,,,,,,,,,,,,,,,,,,,,,,,,,
1279137279307644928,False,2020-07-03T19:37:47+00:00,123,Ongoing News Story,Ongoing News Stories like 'Brexit',1220701888179359745,COVID-19,41,49,0.9892,Place,Venezuela,,,,,,,,,,,,,,,51,74,https://t.co/aifRmdn5bQ,https://www.gofundme.com/f/help-my-aunt-is-in-the-icu-covid-19-venezuela?utm_source=twitter&utm_medium=social&utm_campaign=p_cp+share-sheet,gofundme.com/f/help-my-aunt‚Ä¶,en,1,0,0,0,114323108,Help! My aunt is in the ICU.  Covid19 in Venezuela https://t.co/aifRmdn5bQ,everyone,Twitter for Android,1279137279307644928,,,,,,,,,,,,,,,,,,,,,,,,,,,,,,,,,,,,,,,,,,,,,,,,,,,,,,,,,,,,,,,,,,,,,,,,,,,,,,,,,,,,,,,,,,,,,,,,,,,,,,,,,,,,,,,,,,,,,,,,,,,,,,,,,,,,,,,,,,,,,,,,,,,,,,,,,,,,,
1279132949821169664,False,2020-07-03T19:20:35+00:00,123,Ongoing News Story,Ongoing News Stories like 'Brexit',1220701888179359745,COVID-19,33,37,0.2379,Organization,Covid,,,,,,,,,,,,,,,40,63,https://t.co/WQt4ufQf94,https://gf.me/u/ydt2yr,gf.me/u/ydt2yr,en,0,0,0,0,65983239,Please help my aunt recover from Covid! https://t.co/WQt4ufQf94,everyone,Twitter for iPhone,1279132949821169664,,,,,,,,,,,,,,,,,,,,,,,,,,,,,,,,,,,,,,,,,,,,,,,,,,,,,,,,,,,,,,,,,,,,,,,,,,,,,,,,,,,,,,,,,,,,,,,,,,,,,,,,,,,,,,,,,,,,,,,,,,,,,,,,,,,,,,,,,,,,,,,,,,,,,,,,,,,,,
1279132562326269955,False,2020-07-03T19:19:02+00:00,123,Ongoing News Story,Ongoing News Stories like 'Brexit',1220701888179359745,COVID-19,41,49,0.9892,Place,Venezuela,,,,,,,,,,,,,,,51,74,https://t.co/KgtgdML2NI,https://www.gofundme.com/f/help-my-aunt-is-in-the-icu-covid-19-venezuela?utm_source=twitter&utm_medium=social&utm_campaign=p_cp+share-sheet,gofundme.com/f/help-my-aunt‚Ä¶,en,3,0,1,0,144197934,Help! My aunt is in the ICU.  Covid19 in Venezuela https://t.co/KgtgdML2NI,everyone,Twitter for Android,1279132562326269955,,,,,,,,,,,,,,,,,,,,,,,,,,,,,,,,,,,,,,,,,,,,,,,,,,,,,,,,,,,,,,,,,,,,,,,,,,,,,,,,,,,,,,,,,,,,,,,,,,,,,,,,,,,,,,,,,,,,,,,,,,,,,,,,,,,,,,,,,,,,,,,,,,,,,,,,,,,,,
1278704444675424257,False,2020-07-02T14:57:51+00:00,123,Ongoing News Story,Ongoing News Stories like 'Brexit',1220701888179359745,COVID-19,52,60,0.9531,Place,Venezuela,,,,,,14,22,Pirates,,,,,,,121,144,https://t.co/3lw7CTA8FA,https://www.gofundme.com/f/covid19-medical-for-mlb-scout-jessie-nava-pirates?utm_source=customer&utm_medium=sms&utm_campaign=p_cp+share-sheet,gofundme.com/f/covid19-medi‚Ä¶,en,216,81,401,137,90959399,A 33-year-old #Pirates scout contracted COVID-19 in Venezuela and needs financial assistance. Here is his GoFundMe page: https://t.co/3lw7CTA8FA,everyone,Tweetbot for iŒüS,1278704444675424257,,,,,,,,,,,,,,,,,,,,,,10,Person,Named people in the world like Nelson Mandela,906185437760241665,Ken Rosenthal,92,Sports Personality,A Sports Personality like 'Skip Bayless',906185437760241665,Ken Rosenthal,Ken Rosenthal,Ken Rosenthal,,,,,,,,,,,,,,,,,,,,,,,,,,,,,,,,,,,,,,,,,,,,,,,,,,,,,,,,,,,,,,,,,,,,,,,,,,,,,,,,,,,,,,,,,,,,,,,,,,,,,,,,,,,,,,,,,,,,,,,,,,,,
1278497883663335426,False,2020-07-02T01:17:03+00:00,10,Person,Named people in the world like Nelson Mandela,917805324710535170,Jemele Hill ,82,90,0.9573,Place,Venezuela,,,,,,,,,,,,,,,250,273,https://t.co/dA0GCpvAKo,https://gf.me/u/ycm9k7,gf.me/u/ycm9k7,en,1,2,2,0,1277711243990708230,"@jemelehill I would like to share with you this help for my future son, I am from Venezuela and I am currently pregnant but the situation that surrounds me due to the Covid-19 has generated stones for me on the way, if you can share and thank you! üôè https://t.co/dA0GCpvAKo",everyone,Twitter for Android,1278495626477531137,,,,,,,,,0,11,jemelehill,replied_to,1278495626477531137,,,,,,,,,92,Sports Personality,A Sports Personality like 'Skip Bayless',917805324710535170,Jemele Hill ,123,Ongoing News Story,Ongoing News Stories like 'Brexit',1220701888179359745,COVID-19,Jemele Hill ,,Jemele Hill ,35586563,,,,,,,,,,,,,,,,,,,,,,,,,,,,,,,,,,,,,,,,,,,,,,,,,,,,,,,,,,,,,,,,,,,,,,,,,,,,,,,,,,,,,,,,,,,,,,,,,,,,,,,,,,,,,,,,,,,,,,,,,,
1278497675965534213,False,2020-07-02T01:16:13+00:00,123,Ongoing News Story,Ongoing News Stories like 'Brexit',1220701888179359745,COVID-19,83,91,0.9573,Place,Venezuela,,,,,,,,,,,,,,,251,274,https://t.co/dA0GCpvAKo,https://gf.me/u/ycm9k7,gf.me/u/ycm9k7,en,0,0,0,0,1277711243990708230,"@IvankaTrump I would like to share with you this help for my future son, I am from Venezuela and I am currently pregnant but the situation that surrounds me due to the Covid-19 has generated stones for me on the way, if you can share and thank you! üôè https://t.co/dA0GCpvAKo",everyone,Twitter for Android,1278490399548616704,,,,,,,,,0,12,IvankaTrump,replied_to,1278490399548616704,,,,,,,,,10,Person,Named people in the world like Nelson Mandela,866714661068066816,Ivanka Trump,,,,,,Ivanka Trump,,,52544275,,,,,,,,,,,,,,,,,,,,,,,,,,,,,,,,,,,,,,,,,,,,,,,,,,,,,,,,,,,,,,,,,,,,,,,,,,,,,,,,,,,,,,,,,,,,,,,,,,,,,,,,,,,,,,,,,,,,,,,,,,
1278493040064245760,False,2020-07-02T00:57:48+00:00,123,Ongoing News Story,Ongoing News Stories like 'Brexit',1220701888179359745,COVID-19,87,95,0.9908,Place,Venezuela,,,,,,,,,,,,,,,269,292,https://t.co/wqf0EYHM9T,https://www.gofundme.com/f/una-ayuda-para-amir-mi-futuro-hijo?sharetype=teams&member=4850754&utm_medium=copy_link&utm_source=customer&utm_campaign=p_na+share-sheet&rcid=c3e492fcd7fb4ecd99a4920ad3bae10c,gofundme.com/f/una-ayuda-pa‚Ä¶,es,0,0,0,0,1277711243990708230,"@oracion_milagro Quisiera compartir con ustedes est√° ayuda para mi futuro hijo, soy de Venezuela y actualmente estoy viviendo este hermoso embarazo pero la situaci√≥n que me rodea por el Covid-19 me ha generado piedras en el camino, si lo pueden compartir y gracias! üôè 
https://t.co/wqf0EYHM9T",everyone,Twitter for Android,1278236901825105920,,,,,,,,,0,16,oracion_milagro,replied_to,1278236901825105920,,,,,,,,,,,,,,,,,,,,,,900042443281883136,,,,,,,,,,,,,,,,,,,,,,,,,,,,,,,,,,,,,,,,,,,,,,,,,,,,,,,,,,,,,,,,,,,,,,,,,,,,,,,,,,,,,,,,,,,,,,,,,,,,,,,,,,,,,,,,,,,,,,,,,,
1278368310720167938,False,2020-07-01T16:42:10+00:00,3,TV Shows,Television shows from around the world,10001466882,MLB Baseball,21,23,0.7826,Organization,MLB,31,41,0.9825,Person,Jessie Nava,98,113,TodosConJessie,114,118,MLB,119,127,Pirates,139,162,https://t.co/EsNEDhUtkp,https://gf.me/u/ydaq45,gf.me/u/ydaq45,en,5,0,1,0,16649176,"COVID-19 Medical for MLB Scout Jessie Nava. Please help support our colleague, scout, and friend. #TodosConJessie #MLB #Pirates #Venezuela https://t.co/EsNEDhUtkp",everyone,Twitter Web App,1278368310720167938,,,,,,128,138,Venezuela,,,,,,,,,,,,,,3,TV Shows,Television shows from around the world,10029304618,MLB Baseball,6,Sports Event,,1223396532063330305,Rockies at Pirates,,,All the latest action from Major League Baseball.,,11,Sport,"Types of sports, like soccer and basketball",769193663230468096,Baseball,12,Sports Team,"A sports team organization, like Arsenal and the Boston Celtics",769193523924971521,Pittsburgh Pirates,26,Sports League,,769193602169704448,MLB,123,Ongoing News Story,Ongoing News Stories like 'Brexit',1220701888179359745,COVID-19,45,Brand Vertical,Top level entities that describe a Brands industry,781974597310615553,Entertainment,46,Brand Category,Categories within Brand Verticals that narrow down the scope of Brands,781974597491040257,Sports,47,Brand,Brands and Companies,10042758260,MLB,26,Sports League,,769193602169704448,MLB,,,,,,,,,,,,,,,,,,,,,,,,,,,,,,,,,,,,,,,,,,,,,,,,,,,,,,,,,,,,,,,,,,,,,,,,,,,,,,,,,,
1277983146881871872,True,2020-06-30T15:11:40+00:00,123,Ongoing News Story,Ongoing News Stories like 'Brexit',1220701888179359745,COVID-19,31,39,0.9946,Place,Venezuela,133,146,0.4421,Person,GISELA CARIDAD,,,,,,,,,,200,223,https://t.co/L9z2o3aPua,https://www.gofundme.com/f/476ue4-ayudemos-al-dr-juan-osorio,gofundme.com/f/476ue4-ayude‚Ä¶,es,16,0,3,0,64421909,Amigos y generosos tuiteros de Venezuela y el mundo. Un RT HUMANITARIO nada nos cuesta. ¬°DIOS LES PAGUE!  Campa√±a para JOALI LUGO de GISELA CARIDAD : Ayuda al Dr. Juan Osorio a luchar contra COVID-19 https://t.co/L9z2o3aPua,everyone,Twitter for iPad,1277983146881871872,,,,,,,,,,,,,,,,,159,173,0.7929,Person,Dr. Juan Osorio,,,,,,,,,,,,,,,,,,,,,,,,,,,,,,,,,,,,,,,,,,,,,,,,,,,,,,,,,,,,,,,,,,,,,,,,,,,,,,,,,,,,,,,,,,,,,,,,,,,,,,,,,,,,,,,,,,,,,,,,,,,,,,,,,,,,,,,,
1277720388122955778,False,2020-06-29T21:47:34+00:00,123,Ongoing News Story,Ongoing News Stories like 'Brexit',1220701888179359745,COVID-19,28,46,0.4353,Place,maracaibo venezuela,87,111,0.8075,Person,Cardiologo Dr.Juan Osorio,,,,,,,,,,177,200,https://t.co/FSJzvUouIX,https://www.gofundme.com/f/476ue4-ayudemos-al-dr-juan-osorio?utm_source=whatsapp-visit&utm_medium=chat&utm_campaign=p_cp+share-sheet,gofundme.com/f/476ue4-ayude‚Ä¶,es,0,0,0,0,367197992,@Gibelli_Viviana Hoy soy de maracaibo venezuela te voy a enviar un link para ayudar al Cardiologo Dr.Juan Osorio que esta luchando contra el covid-19 es de mi familia gracias   https://t.co/FSJzvUouIX,everyone,Twitter for Android,1277720388122955778,,,,,,,,,0,16,Gibelli_Viviana,,,,,,,,,,,,,,,,,,,,,,,,82675803,,,,,,,,,,,,,,,,,,,,,,,,,,,,,,,,,,,,,,,,,,,,,,,,,,,,,,,,,,,,,,,,,,,,,,,,,,,,,,,,,,,,,,,,,,,,,,,,,,,,,,,,,,,,,,,,,,,,,,,,,,
1277720332007284744,False,2020-06-29T21:47:20+00:00,123,Ongoing News Story,Ongoing News Stories like 'Brexit',1220701888179359745,COVID-19,25,43,0.4353,Place,maracaibo venezuela,84,108,0.8075,Person,Cardiologo Dr.Juan Osorio,,,,,,,,,,174,197,https://t.co/FSJzvUouIX,https://www.gofundme.com/f/476ue4-ayudemos-al-dr-juan-osorio?utm_source=whatsapp-visit&utm_medium=chat&utm_campaign=p_cp+share-sheet,gofundme.com/f/476ue4-ayude‚Ä¶,es,0,0,0,0,367197992,@delgadomaite Hoy soy de maracaibo venezuela te voy a enviar un link para ayudar al Cardiologo Dr.Juan Osorio que esta luchando contra el covid-19 es de mi familia gracias   https://t.co/FSJzvUouIX,everyone,Twitter for Android,1277720332007284744,,,,,,,,,0,13,delgadomaite,,,,,,,,,,,,,,,,,,,,,,,,104320800,,,,,,,,,,,,,,,,,,,,,,,,,,,,,,,,,,,,,,,,,,,,,,,,,,,,,,,,,,,,,,,,,,,,,,,,,,,,,,,,,,,,,,,,,,,,,,,,,,,,,,,,,,,,,,,,,,,,,,,,,,
1277720276827062275,False,2020-06-29T21:47:07+00:00,123,Ongoing News Story,Ongoing News Stories like 'Brexit',1220701888179359745,COVID-19,22,40,0.4353,Place,maracaibo venezuela,81,105,0.8075,Person,Cardiologo Dr.Juan Osorio,,,,,,,,,,171,194,https://t.co/FSJzvUouIX,https://www.gofundme.com/f/476ue4-ayudemos-al-dr-juan-osorio?utm_source=whatsapp-visit&utm_medium=chat&utm_campaign=p_cp+share-sheet,gofundme.com/f/476ue4-ayude‚Ä¶,es,0,0,0,0,367197992,@elcitizen Hoy soy de maracaibo venezuela te voy a enviar un link para ayudar al Cardiologo Dr.Juan Osorio que esta luchando contra el covid-19 es de mi familia gracias   https://t.co/FSJzvUouIX,everyone,Twitter for Android,1277720276827062275,,,,,,,,,0,10,elcitizen,,,,,,,,,,,,,,,,,,,,,,,,84725346,,,,,,,,,,,,,,,,,,,,,,,,,,,,,,,,,,,,,,,,,,,,,,,,,,,,,,,,,,,,,,,,,,,,,,,,,,,,,,,,,,,,,,,,,,,,,,,,,,,,,,,,,,,,,,,,,,,,,,,,,,
1277719470568550400,False,2020-06-29T21:43:55+00:00,123,Ongoing News Story,Ongoing News Stories like 'Brexit',1220701888179359745,COVID-19,28,46,0.4353,Place,maracaibo venezuela,87,111,0.8075,Person,Cardiologo Dr.Juan Osorio,,,,,,,,,,177,200,https://t.co/FSJzvUouIX,https://www.gofundme.com/f/476ue4-ayudemos-al-dr-juan-osorio?utm_source=whatsapp-visit&utm_medium=chat&utm_campaign=p_cp+share-sheet,gofundme.com/f/476ue4-ayude‚Ä¶,es,0,0,0,0,367197992,@VirguezFranklin Hoy soy de maracaibo venezuela te voy a enviar un link para ayudar al Cardiologo Dr.Juan Osorio que esta luchando contra el covid-19 es de mi familia gracias   https://t.co/FSJzvUouIX,everyone,Twitter for Android,1277719470568550400,,,,,,,,,0,16,VirguezFranklin,,,,,,,,,,,,,,,,,,,,,,,,539280264,,,,,,,,,,,,,,,,,,,,,,,,,,,,,,,,,,,,,,,,,,,,,,,,,,,,,,,,,,,,,,,,,,,,,,,,,,,,,,,,,,,,,,,,,,,,,,,,,,,,,,,,,,,,,,,,,,,,,,,,,,
1277718703581298693,False,2020-06-29T21:40:52+00:00,10,Person,Named people in the world like Nelson Mandela,1138091602587504642,Carla Angola,18,22,0.608,Person,carla,31,49,0.4657,Place,maracaibo venezuela,,,,,,,,,,176,199,https://t.co/FSJzvUouIX,https://www.gofundme.com/f/476ue4-ayudemos-al-dr-juan-osorio?utm_source=whatsapp-visit&utm_medium=chat&utm_campaign=p_cp+share-sheet,gofundme.com/f/476ue4-ayude‚Ä¶,es,0,0,0,0,367197992,"@carlaangola hola carla soy de maracaibo venezuela, te voy a enviar un link para ayudar al Cardiologo Dr.Juan osorio est√° luchando con el covid-19 por favor ay√∫dame a difundir https://t.co/FSJzvUouIX",everyone,Twitter for Android,1277718703581298693,,,,,,,,,0,12,carlaangola,,,,,,91,115,0.7594,Person,Cardiologo Dr.Juan osorio,94,Journalist,A journalist like 'Anderson Cooper',1138091602587504642,Carla Angola,123,Ongoing News Story,Ongoing News Stories like 'Brexit',1220701888179359745,COVID-19,,,,72627916,,,,,,,,,,,,,,,,,,,,,,,,,,,,,,,,,,,,,,,,,,,,,,,,,,,,,,,,,,,,,,,,,,,,,,,,,,,,,,,,,,,,,,,,,,,,,,,,,,,,,,,,,,,,,,,,,,,,,,,,,,
1276005314945572864,False,2020-06-25T04:12:28+00:00,123,Ongoing News Story,Ongoing News Stories like 'Brexit',1220701888179359745,COVID-19,,,,,,,,,,,24,40,DistritoCapital,41,51,Venezuela,52,62,COVID__19,0,23,https://t.co/J3jzXqKRf2,https://www.gofundme.com/f/ayudanos-a-curar-a-maria-elena-help-us-cure-mary?utm_source=customer&utm_medium=copy_link&utm_campaign=p_cf+share-flow-1,gofundme.com/f/ayudanos-a-c‚Ä¶,und,2,0,0,0,940101139,"https://t.co/J3jzXqKRf2
#DistritoCapital #Venezuela #COVID__19 @picosuarez",everyone,Twitter for Android,1276005314945572864,,,,,,,,,63,74,picosuarez,,,,,,,,,,,,,,,,,,,,,,,,,,,,,,,,,,,,,,,,,,,,,,,,,,,,,,,,,,,,,,,,,,,,,,,,,,,,,,,,,,,,,,,,,,,,,,,,,,,,,,,,,,,,,,,,,,,,,,,,,,,,,,,,,,,,,,,,,,,,,,,,,,
1265863021655621633,False,2020-05-28T04:30:37+00:00,123,Ongoing News Story,Ongoing News Stories like 'Brexit',1220701888179359745,COVID-19,19,34,0.9992,Person,Carlos Hern√°ndez,,,,,,36,45,Covid_19,46,57,cuarentena,58,68,venezuela,69,92,https://t.co/PW6mqAFr6f,https://www.gofundme.com/f/ayudemos-a-mi-cunado-carlos-hernandez?utm_source=twitter&utm_medium=social&utm_campaign=p_cp+share-sheet,gofundme.com/f/ayudemos-a-m‚Ä¶,es,0,0,0,0,253611895,ayudemos A mi t√≠o. Carlos Hern√°ndez #Covid_19 #cuarentena #venezuela https://t.co/PW6mqAFr6f,everyone,Twitter for iPhone,1265863021655621633,,,,,,,,,,,,,,015e5397777769a2,,,,,,,,,,,,,,,,,,,,,,,,,,,,,,,,,,,,,,,,,,,,,,,,,,,,,,,,,,,,,,,,,,,,,,,,,,,,,,,,,,,,,,,,,,,,,,,,,,,,,,,,,,,,,,,,,,,,,,,,,,,,,,,,,,,,,,,,,,,,,,,
1263523191651254272,False,2020-05-21T17:32:58+00:00,10,Person,Named people in the world like Nelson Mandela,733774146434269186,Cristiano Ronaldo,,,,,,,,,,,25,34,21maggio,35,45,Venezuela,46,55,Covid_19,0,23,https://t.co/j7VeiQxKF7,https://www.gofundme.com/f/cirugia-por-la-vida-de-kevin-paul?utm_source=facebook&utm_medium=social&utm_campaign=p_cf+share-flow-1,gofundme.com/f/cirugia-por-‚Ä¶,es,0,0,0,0,224340834,"https://t.co/j7VeiQxKF7

#21maggio #Venezuela #Covid_19 @fundacionmessi @Arango_18 @jamesdrodriguez @Cristiano @PauDybala_JR  @RLOZINSKI #21May @lukamodric10 @andresiniesta8 @FVF_Oficial @LuisChataing 
Cualquier aporte suma... De antemano Gracias y que #Dios les MULTIPLIQUE.",everyone,Twitter Web App,1263523191651254272,,,,,,137,143,21May,56,71,fundacionmessi,,,,,,,,,,,10,Person,Named people in the world like Nelson Mandela,733774652439302144,Luka Modric,12,Sports Team,"A sports team organization, like Arsenal and the Boston Celtics",731226216980586496,Venezuela,,,,,60,Athlete,"An athlete in the world, like Serena Williams or Lionel Messi",733774146434269186,Cristiano Ronaldo,60,Athlete,"An athlete in the world, like Serena Williams or Lionel Messi",733774652439302144,Luka Modric,123,Ongoing News Story,Ongoing News Stories like 'Brexit',1220701888179359745,COVID-19,10,Person,Named people in the world like Nelson Mandela,733774528728289280,James Rodriguez,10,Person,Named people in the world like Nelson Mandela,733774625088278529,Paulo Dybala,10,Person,Named people in the world like Nelson Mandela,733774747771637760,Andres Iniesta,10,Person,Named people in the world like Nelson Mandela,819236390235881473,Luis Chataing,11,Sport,"Types of sports, like soccer and basketball",733756536430809088,Soccer,Luis Chataing,58,Entertainment Personality,"An entertainment personality in the world, like Anderson Cooper or Miranda Sings",819236390235881473,Luis Chataing,Luis Chataing,60,Athlete,"An athlete in the world, like Serena Williams or Lionel Messi",733774528728289280,James Rodriguez,60,Athlete,"An athlete in the world, like Serena Williams or Lionel Messi",733774625088278529,Paulo Dybala,60,Athlete,"An athlete in the world, like Serena Williams or Lionel Messi",733774747771637760,Andres Iniesta,253,258,Dios,72,82,Arango_18,83,99,jamesdrodriguez,100,110,Cristiano,111,124,PauDybala_JR,126,136,RLOZINSKI,144,157,lukamodric10,158,173,andresiniesta8,174,186,FVF_Oficial,187,200,LuisChataing,,,,,,,,,,,,,,,,,,,,,,,,,,,,,,
1262519118953172992,False,2020-05-18T23:03:09+00:00,123,Ongoing News Story,Ongoing News Stories like 'Brexit',1220701888179359745,COVID-19,,,,,,,,,,,129,139,venezuela,140,147,espa√±a,148,162,quedateencasa,206,229,https://t.co/gPa74l3qrq,https://www.instagram.com/p/CAWNE0aqKBD/?igshid=1wq2fpilzpnw7,instagram.com/p/CAWNE0aqKBD/‚Ä¶,es,0,0,0,0,97514191,"üôèüèªNecesitamos de su ayuda para recaudar los fondosüôèüèª‚ù§Ô∏è!!
Si no puedes donar Ay√∫dame comparti√©ndoloüôåüèªüôèüèª
.
.
.
.
.
.
.
.
.
.
.
.
.
#venezuela #espa√±a #quedateencasa #covid_19 #heart #sos #love #‚ù§Ô∏è #gofundme‚Ä¶ https://t.co/gPa74l3qrq",everyone,Instagram,1262519118953172992,,,,,,163,172,covid_19,,,,,,008af77d1b1cf7a3,,,,,,,,,,,,,,,,,,,,,,,,,,,,,,,,,,,,,,,,,,,,,,,,,,,,,,,,,,,,,,,,,,,,,,,,,,,,,,,,,,,,173,179,heart,,,,,,,,,,,,,,,,,,,,,,,,,,,,180,184,sos,185,190,love,195,204,gofundme,Point,-65.0,8.0,,,,,,,,,,,,,,,,,,
1262518321678888976,False,2020-05-18T22:59:59+00:00,123,Ongoing News Story,Ongoing News Stories like 'Brexit',1220701888179359745,COVID-19,,,,,,,,,,,129,139,venezuela,140,147,espa√±a,148,162,quedateencasa,206,229,https://t.co/kjwV6zfYa7,https://www.instagram.com/p/CAWMt3eKnh4/?igshid=10tbpnq1y5dyh,instagram.com/p/CAWMt3eKnh4/‚Ä¶,es,0,0,0,0,97514191,"üôèüèªNecesitamos de su ayuda para recaudar los fondosüôèüèª‚ù§Ô∏è!!
Si no puedes donar Ay√∫dame comparti√©ndoloüôåüèªüôèüèª
.
.
.
.
.
.
.
.
.
.
.
.
.
#venezuela #espa√±a #quedateencasa #covid_19 #heart #sos #love #‚ù§Ô∏è #gofundme‚Ä¶ https://t.co/kjwV6zfYa7",everyone,Instagram,1262518321678888976,,,,,,163,172,covid_19,,,,,,008af77d1b1cf7a3,,,,,,,,,,,,,,,,,,,,,,,,,,,,,,,,,,,,,,,,,,,,,,,,,,,,,,,,,,,,,,,,,,,,,,,,,,,,,,,,,,,,173,179,heart,,,,,,,,,,,,,,,,,,,,,,,,,,,,180,184,sos,185,190,love,195,204,gofundme,Point,-65.0,8.0,,,,,,,,,,,,,,,,,,
1262515083256705025,False,2020-05-18T22:47:06+00:00,123,Ongoing News Story,Ongoing News Stories like 'Brexit',1220701888179359745,COVID-19,,,,,,,,,,,129,139,venezuela,140,147,espa√±a,148,162,quedateencasa,211,234,https://t.co/ckaWqmHrYx,https://www.instagram.com/p/CAWLPc9KErx/?igshid=wnyjls0xgd99,instagram.com/p/CAWLPc9KErx/‚Ä¶,es,0,0,0,0,97514191,"üôèüèªNecesitamos de su ayuda para recaudar los fondosüôèüèª‚ù§Ô∏è!!
Si no puedes donar Ay√∫dame comparti√©ndoloüôåüèªüôèüèª
.
.
.
.
.
.
.
.
.
.
.
.
.
#venezuela #espa√±a #quedateencasa #covid_19 #heart #mom #sos #love #‚ù§Ô∏è #gofundme‚Ä¶ https://t.co/ckaWqmHrYx",everyone,Instagram,1262515083256705025,,,,,,163,172,covid_19,,,,,,008af77d1b1cf7a3,,,,,,,,,,,,,,,,,,,,,,,,,,,,,,,,,,,,,,,,,,,,,,,,,,,,,,,,,,,,,,,,,,,,,,,,,,,,,,,,,,,,173,179,heart,,,,,,,,,,,,,,,,,,,,,,,,,,,,180,184,mom,185,189,sos,190,195,love,Point,-65.0,8.0,200,209,gofundme,,,,,,,,,,,,,,,
1262494834062917636,False,2020-05-18T21:26:39+00:00,10,Person,Named people in the world like Nelson Mandela,733774138054037504,Sergio Ramos,,,,,,,,,,,114,123,Donacion,124,133,Covid_19,134,139,amor,89,112,https://t.co/HHz1eeHOKE,https://goget.fund/2WHDVuD,goget.fund/2WHDVuD,es,0,0,0,1,97514191,"Necesito de su ayuda para la operacion de mi mama, me ayudas con un granito de arena?üôè‚ù§Ô∏è
https://t.co/HHz1eeHOKE 
#Donacion #Covid_19 #amor #cuarentena #gofundme #venezuela #espa√±a #urgente #help @SergioRamos @SaschaFitness @LuchoMosqueda @LuisCarlos @bostonrex @freddyzur",everyone,Twitter Web App,1262494834062917636,,,,,,140,151,cuarentena,196,208,SergioRamos,,,,,,,,,,,10,Person,Named people in the world like Nelson Mandela,1138742711748423683,Luis Carlos D√≠az ,60,Athlete,"An athlete in the world, like Serena Williams or Lionel Messi",733774138054037504,Sergio Ramos,,,,,94,Journalist,A journalist like 'Anderson Cooper',1138742711748423683,Luis Carlos D√≠az ,123,Ongoing News Story,Ongoing News Stories like 'Brexit',1220701888179359745,COVID-19,,,,,,,,,,,,,,,,,,,,,,,,,,,,,,,,,,,,,,,,,,,,,,,,,,,,,152,161,gofundme,209,223,SaschaFitness,224,238,LuchoMosqueda,239,250,LuisCarlos,251,261,bostonrex,262,272,freddyzur,,,,,,,,,,,,,162,172,venezuela,173,180,espa√±a,181,189,urgente,,,,190,195,help,,,,,,,,,,,,,,,
1259168252430880770,False,2020-05-09T17:08:00+00:00,65,Interests and Hobbies Vertical,"Top level interests and hobbies groupings, like Food or Travel",848920371311001600,Technology,68,72,0.2982,Organization,COVID,80,88,0.9918,Place,Venezuela,149,156,makers,157,168,3Dprinting,169,177,covid19,125,148,https://t.co/mUNkNI2cF6,https://bit.ly/2W0Yq5r,bit.ly/2W0Yq5r,es,1,0,1,0,1243874896716992512,"Nuestro objetivo es brindar apoyo para contener la propagaci√≥n  del COVID-19 en Venezuela. Somos emprendedores‚Ä¶ somos Makers https://t.co/mUNkNI2cF6
#makers #3Dprinting #covid19 #Gofundme https://t.co/yba8LFISO9",everyone,TweetDeck,1259168252430880770,188,211,https://t.co/yba8LFISO9,https://twitter.com/MakersVzla/status/1259168252430880770/photo/1,pic.twitter.com/yba8LFISO9,178,187,Gofundme,,,,,,,,,,,,,,66,Interests and Hobbies Category,"A grouping of interests and hobbies entities, like Novelty Food or Destinations",1129035621861773312,3D Printing,123,Ongoing News Story,Ongoing News Stories like 'Brexit',1220701888179359745,COVID-19,,,Technology and computing,,,,,,,,,,,,,,,,,,,,,,,,,,,,,,,,,,,,,,,,,,,,,,,,,,,,,,,,,,,,,,,,,,,,,,,,,,,,,,,,,,,,,,,,,,,,,,,,,,,,,,,,,,,,,31258921588289871873,,,,,,,,,,,,,,
1259068092266749953,False,2020-05-09T10:30:00+00:00,123,Ongoing News Story,Ongoing News Stories like 'Brexit',1220701888179359745,COVID-19,,,,,,,,,,,96,105,GoFundMe,130,138,covid19,139,151,coronavirus,106,129,https://t.co/mUNkNI2cF6,https://bit.ly/2W0Yq5r,bit.ly/2W0Yq5r,es,4,0,1,0,1243874896716992512,¬øQuieres apoyar a los m√©dicos venezolanos que luchan contra el Covid-19? Ay√∫danos a protegerlos #GoFundMe https://t.co/mUNkNI2cF6 #covid19 #coronavirus #3Dprinted #medicosenpeligro #medicosvenezolanos https://t.co/Kh8opVZirH,everyone,TweetDeck,1259068092266749953,201,224,https://t.co/Kh8opVZirH,https://twitter.com/MakersVzla/status/1259068092266749953/photo/1,pic.twitter.com/Kh8opVZirH,152,162,3Dprinted,,,,,,,,,,,,,,,,,,,,,,,,,,,,,,,,,,,,,,,,,,,,,,,,,,,,,,,,,,,,,,,,,,,,,,,,,,,,,,,,,,,,,,,,,,163,180,medicosenpeligro,,,,,,,,,,,,,,,,,,,,,,,,,,,,181,200,medicosvenezolanos,,,,,,,,,,,,,31258918361087475732,201,224,https://t.co/Kh8opVZirH,https://twitter.com/MakersVzla/status/1259068092266749953/photo/1,pic.twitter.com/Kh8opVZirH,31258918398676946945,,,,,,,,
1258962395768082438,False,2020-05-09T03:30:00+00:00,123,Ongoing News Story,Ongoing News Stories like 'Brexit',1220701888179359745,COVID-19,,,,,,,,,,,96,105,GoFundMe,,,,,,,106,129,https://t.co/mUNkNIjNwE,https://bit.ly/2W0Yq5r,bit.ly/2W0Yq5r,es,2,0,2,0,1243874896716992512,¬øQuieres apoyar a los m√©dicos venezolanos que luchan contra el Covid-19? Ay√∫danos a protegerlos #GoFundMe https://t.co/mUNkNIjNwE https://t.co/AyYiS0vqZi,everyone,TweetDeck,1258962395768082438,130,153,https://t.co/AyYiS0vqZi,https://twitter.com/MakersVzla/status/1258962395768082438/photo/1,pic.twitter.com/AyYiS0vqZi,,,,,,,,,,,,,,,,,,,,,,,,,,,,,,,,,,,,,,,,,,,,,,,,,,,,,,,,,,,,,,,,,,,,,,,,,,,,,,,,,,,,,,,,,,,,,,,,,,,,,,,,,,,,,,,,,,,,,,,,,,,,,,,,,,,,,,,,,,31258917931448238080,,,,,,,,,,,,,,
1256781937563361284,False,2020-05-03T03:05:38+00:00,123,Ongoing News Story,Ongoing News Stories like 'Brexit',1220701888179359745,COVID-19,11,24,0.9898,Person,Alonso Corcega,,,,,,51,61,Venezuela,62,78,CuarentenaTotal,80,90,COVID__19,26,49,https://t.co/izqAEC4f8g,https://www.gofundme.com/f/ayudemos-a-alonso-corcega?utm_source=twitter&utm_medium=social&utm_campaign=p_cp+share-sheet,gofundme.com/f/ayudemos-a-a‚Ä¶,es,0,0,0,0,295011435,"Ayudemos a Alonso Corcega https://t.co/izqAEC4f8g

#Venezuela #CuarentenaTotal  #COVID__19 #falabella #JUNGKOOOK  #polimerlosplace",everyone,Twitter for Android,1256781937563361284,,,,,,91,101,falabella,,,,,,,,,,,,,,,,,,,,,,,,,,,,,,,,,,,,,,,,,,,,,,,,,,,,,,,,,,,,,,,,,,,,,,,,,,,,,,,,,,,,,,,,,,102,112,JUNGKOOOK,,,,,,,,,,,,,,,,,,,,,,,,,,,,114,130,polimerlosplace,,,,,,,,,,,,,,,,,,,,,,,,,,,
1256729535757852674,False,2020-05-02T23:37:24+00:00,123,Ongoing News Story,Ongoing News Stories like 'Brexit',1220701888179359745,COVID-19,26,34,0.9976,Place,Venezuela,,,,,,,,,,,,,,,,,,,,es,0,1,1,0,134484328,"Y como muchas familias en Venezuela y gran parte del mundo, ""No est√°bamos preparados"" por ese motivo mi hija @lahijademarrufo  y yo comenzamos a intensificar la campa√±a que tenemos en Gofundme y en mi cuenta privada ya que sab√≠amos lo que se avecinaba con lo del Covid 19",everyone,Twitter Web App,1256729316584501250,,,,,,,,,109,125,lahijademarrufo,replied_to,1256729505785352192,,,,,,,,,,,,,,,,,,,,,,134484328,,,,,,,,,,,,,,,,,,,,,,,,,,,,,,,,,,,,,,,,,,,,,,,,,,,,,,,,,,,,,,,,,,,,,,,,,,,,,,,,,,,,,,,,,,,,,,,,,,,,,,,,,,,,,,,,,,,,,,,,,,
1254574409450283009,False,2020-04-27T00:53:42+00:00,123,Ongoing News Story,Ongoing News Stories like 'Brexit',1220701888179359745,COVID-19,16,20,0.2507,Organization,Covid,81,89,0.9982,Place,Venezuela,178,191,TodosConMima,192,206,Qu√©dateEnCasa,207,223,ServicioP√∫blico,153,176,https://t.co/UgqnAalc4m,https://bit.ly/TodosConMima,bit.ly/TodosConMima,es,2,0,2,0,50467697,"La pandemia del Covid-19, el cierre de las fronteras y la escasez de gasolina en Venezuela complica el traslado de las medicinas, por eso la urgencia. 

https://t.co/UgqnAalc4m

#TodosConMima #Qu√©dateEnCasa #ServicioP√∫blico",everyone,Twitter for iPhone,1254574409450283009,,,,,,,,,,,,,,,,,,,,,,,,,,,,,,,,,,,,,,,,,,,,,,,,,,,,,,,,,,,,,,,,,,,,,,,,,,,,,,,,,,,,,,,,,,,,,,,,,,,,,,,,,,,,,,,,,,,,,,,,,,,,,,,,,,,,,,,,,,,,,,,,,,,,,,,,,,,,,
1253749854037213189,False,2020-04-24T18:17:13+00:00,123,Ongoing News Story,Ongoing News Stories like 'Brexit',1220701888179359745,COVID-19,,,,,,,,,,,0,9,Covid_19,10,18,24Abril,19,29,Venezuela,75,98,https://t.co/vL8YM2g8Gf,https://www.gofundme.com/f/gpaa7n-ayudame-a-luchar?utm_source=customer&utm_medium=copy_link-tip&utm_campaign=p_cp+share-sheet,gofundme.com/f/gpaa7n-ayuda‚Ä¶,es,2,0,1,0,2231474015,#Covid_19 #24Abril #Venezuela #Cancer #ayuda #sanidad #salud #cancerdemama https://t.co/vL8YM2g8Gf ay√∫dame a compartir üôèüèºüíó mi prima nos necesita!  Gracias de coraz√≥n,everyone,Twitter for iPhone,1253749854037213189,,,,,,30,37,Cancer,,,,,,,,,,,,,,,,,,,,,,,,,,,,,,,,,,,,,,,,,,,,,,,,,,,,,,,,,,,,,,,,,,,,,,,,,,,,,,,,,,,,,,,,,,38,44,ayuda,,,,,,,,,,,,,,,,,,,,,,,,,,,,45,53,sanidad,54,60,salud,61,74,cancerdemama,,,,,,,,,,,,,,,,,,,,,
1253359803100991489,False,2020-04-23T16:27:18+00:00,123,Ongoing News Story,Ongoing News Stories like 'Brexit',1220701888179359745,COVID-19,16,20,0.2542,Organization,Covid,81,89,0.9981,Place,Venezuela,151,164,TodosConMima,165,182,AyudaHumanitaria,,,,183,206,https://t.co/A4ZtFQ7xi0,https://bit.ly/TodosConMima,bit.ly/TodosConMima,es,6,0,18,0,58043714,"La pandemia del Covid-19, el cierre de las fronteras y la escasez de gasolina en Venezuela complica el traslado de las medicinas, por eso la urgencia.¬†#TodosConMima #AyudaHumanitaria
https://t.co/A4ZtFQ7xi0",everyone,Twitter for Android,1253359803100991489,,,,,,,,,,,,,,,,,,,,,,,,,,,,,,,,,,,,,,,,,,,,,,,,,,,,,,,,,,,,,,,,,,,,,,,,,,,,,,,,,,,,,,,,,,,,,,,,,,,,,,,,,,,,,,,,,,,,,,,,,,,,,,,,,,,,,,,,,,,,,,,,,,,,,,,,,,,,,
1253356802164633602,False,2020-04-23T16:15:22+00:00,123,Ongoing News Story,Ongoing News Stories like 'Brexit',1220701888179359745,COVID-19,149,154,0.9807,Place,C√∫cuta,162,165,0.7581,Person,Mima,29,38,Covid_19,67,77,Venezuela,235,248,TodosConMima,211,234,https://t.co/KpqGhyEccO,https://bit.ly/TodosConMima,bit.ly/TodosConMima,es,6,0,4,0,53816046,"El cierre de la frontera por #Covid_19 y la escasez de gasolina en #Venezuela pone en aprietos a pacientes venezolanos q deben adquirir medicinas en C√∫cuta, como Mima @macborgo, quien necesita la ayuda de todos https://t.co/KpqGhyEccO
#TodosConMima #ServicioP√∫blico #SOSVenezuela",everyone,Twitter Web App,1253356802164633602,,,,,,249,265,ServicioP√∫blico,167,176,macborgo,,,,200,https://www.gofundme.com/f/y3f9px-maria-mima-castillo-una-ayuda-contra-el-cancer,,,,,,,,,,,,,,,,,,,,,,,,,,,,,,,,,,,,,,,,,,,,,,,,,,,,,,,,,,,,,,,,,,,,,,,,,,,,,,,,,,266,279,SOSVenezuela,,,,,,,,,,,,,,,,,,,,,,,,,,,,,,,,,,,,,,,,,,,,,,,,,,https://pbs.twimg.com/news_img/1390129996291842052/gixbca7G?format=jpg&name=orig,1024,682,https://pbs.twimg.com/news_img/1390129996291842052/gixbca7G?format=jpg&name=150x150,150,150,"Mar√≠a (Mima) Castillo: Una ayuda contra el c√°ncer, organized by Rosalia Venezia",(English translation at the bottom) Esta campa√±a es para nuestra hi‚Ä¶ Rosalia Venezia needs your support for Mar√≠a (Mima) Castillo: Una ayuda contra el c√°ncer
1253355753286533124,False,2020-04-23T16:11:12+00:00,123,Ongoing News Story,Ongoing News Stories like 'Brexit',1220701888179359745,COVID-19,16,20,0.259,Organization,Covid,75,83,0.9978,Place,Venezuela,232,245,TodosConMima,246,254,COVID19,255,269,Qu√©dateenCasa,208,231,https://t.co/9xIpIzxhv0,https://bit.ly/TodosConMima,bit.ly/TodosConMima,es,13,1,18,0,83723511,"La pandemia del Covid-19, junto a la escasez de medicinas y de gasolina en Venezuela, hace a√∫n m√°s dura la batalla para los pacientes de c√°ncer. Ay√∫denme a compartir esta campa√±a por la salud de @macborgo : 
https://t.co/9xIpIzxhv0
#TodosConMima #COVID19 #Qu√©dateenCasa",everyone,Twitter Web App,1253355753286533124,,,,,,,,,195,204,macborgo,,,,,,,,,,,,,,,,,,,,,,,,,,,,,,,,,,,,,,,,,,,,,,,,,,,,,,,,,,,,,,,,,,,,,,,,,,,,,,,,,,,,,,,,,,,,,,,,,,,,,,,,,,,,,,,,,,,,,,,,,,,,,,,,,,,,,,,,,,,,,,,,,,
1253355181896589318,False,2020-04-23T16:08:56+00:00,123,Ongoing News Story,Ongoing News Stories like 'Brexit',1220701888179359745,COVID-19,82,90,0.8167,Place,Venezuela,,,,,,243,256,TodosConMima,257,269,Coronavirus,270,278,COVID19,219,242,https://t.co/JRuU12jKOX,https://bit.ly/TodosConMima,bit.ly/TodosConMima,en,10,1,12,1,779233847556931584,"Cancer patients are one of the most vulnerable groups affected by the Covid-19 in Venezuela. Mima, a school mate, is in her last phase of her treatment and needs help to get the medicines. If you can, please help out. 
https://t.co/JRuU12jKOX
#TodosConMima #Coronavirus #COVID19",everyone,Twitter for iPad,1253355181896589318,,,,,,,,,,,,,,,,,,,,,,,,,,,,,,,,,,,,,,,,,,,,,,,,,,,,,,,,,,,,,,,,,,,,,,,,,,,,,,,,,,,,,,,,,,,,,,,,,,,,,,,,,,,,,,,,,,,,,,,,,,,,,,,,,,,,,,,,,,,,,,,,,,,,,,,,,,,,,
1250893888568598528,False,2020-04-16T21:08:38+00:00,123,Ongoing News Story,Ongoing News Stories like 'Brexit',1220701888179359745,COVID-19,12,19,0.9283,Person,Benjamin,,,,,,96,106,Venezuela,115,124,Covid_19,,,,195,218,https://t.co/3bLHG9Ygvd,https://www.gofundme.com/f/solucion-venezuela,gofundme.com/f/solucion-ven‚Ä¶,es,0,0,0,0,1245472375690481664,"@ErGuacharo Benjamin te env√≠e un correo para que te unas a la campa√±a de ayuda humanitaria para #Venezuela ante el #Covid_19 solo un dolar , un dolar que dios mediante se multiplique en millones https://t.co/3bLHG9Ygvd GRACIAS",everyone,Twitter for iPad,1250893888568598528,,,,,,,,,0,11,ErGuacharo,,,,,,,,,,,,,,,,,,,,,,,,106539033,,,,,,,,,,,,,,,,,,,,,,,,,,,,,,,,,,,,,,,,,,,,,,,,,,,,,,,,,,,,,,,,,,,,,,,,,,,,,,,,,,,,,,,,,,,,,,,,,,,,,,,,,,,,,,,,,,,,,,,,,,
1250740799727419393,False,2020-04-16T11:00:18+00:00,123,Ongoing News Story,Ongoing News Stories like 'Brexit',1220701888179359745,COVID-19,,,,,,,,,,,0,6,16Abr,42,56,quimioterapia,78,87,ayudarme,99,122,https://t.co/CClQoe852V,https://www.gofundme.com/f/help-marisela-fight-cancer-in-venezuela,gofundme.com/f/help-marisel‚Ä¶,es,692,5,274,7,154738899,"#16Abr Bonito d√≠a para todos.Hoy nos toca #quimioterapia recuerda por favor ‚ò∫Ô∏è#ayudarme con tu #RT https://t.co/CClQoe852V Mi madre tiene #cancer estamos reuniendo el dinero para el ecocardiograma.Yo tengo que salir,pero tu recuerda cuidarte del #Covid_19 #gracias #LavateLasManos https://t.co/hvz2LgD0Ag",everyone,Twitter Web App,1250740799727419393,281,304,https://t.co/hvz2LgD0Ag,https://twitter.com/Yamiletph/status/1250740799727419393/photo/1,pic.twitter.com/hvz2LgD0Ag,95,98,RT,,,,,,,,,,,,,,,,,,,,,,,,,,,,,,,,,,,,,,,,,,,,,,,,,,,,,,,,,,,,,,,,,,,,,,,,,,,,,,,,,,,,,,,,,,138,145,cancer,,,,,,,,,,,,,,,,,,,,,,,,,,,,246,255,Covid_19,256,264,gracias,265,280,LavateLasManos,,,,,,,31250738842119876610,,,,,,,,,,,,,,
1250535788393234439,False,2020-04-15T21:25:40+00:00,123,Ongoing News Story,Ongoing News Stories like 'Brexit',1220701888179359745,COVID-19,,,,,,,,,,,34,43,Covid_19,44,52,Ecuador,53,63,Venezuela,99,122,https://t.co/x8H57eRltx,https://www.gofundme.com/f/covid19-emergency-fund-for-lgbti-people-in-ecuador?utm_source=customer&utm_medium=copy_link&utm_campaign=p_cf+share-flow-1,gofundme.com/f/covid19-emer‚Ä¶,en,0,0,0,0,362232616,"You can donate or you can share. 
#Covid_19 #Ecuador #Venezuela #RefugeesWelcome #lgbtquarantaine

https://t.co/x8H57eRltx",everyone,Twitter for Android,1250535786992279553,,,,,,64,80,RefugeesWelcome,,,,replied_to,1250535786992279553,,,,,,,,,,,,,,,,,,,,,,362232616,,,,,,,,,,,,,,,,,,,,,,,,,,,,,,,,,,,,,,,,,,,,,,,,,,,,,,,,,,,,,,,81,97,lgbtquarantaine,,,,,,,,,,,,,,,,,,,,,,,,,,,,,,,,,,,,,,,,,,,,,,,,,,,,,,,,,
1250170399997997056,False,2020-04-14T21:13:45+00:00,,,,,,,,,,,,,,,,185,201,Covid19Colombia,203,213,Venezuela,214,224,migrantes,160,183,https://t.co/JyO6M4Hc06,https://www.gofundme.com/f/covid-19-crowdfunding,gofundme.com/f/covid-19-cro‚Ä¶,es,3,0,2,0,53211234,"Este enlace tambi√©n debemos hacerlo viral, porque con el aporte de ustedes, muchos hermanos venezolanos podr√°n ser beneficiados.
@coalicionve @VenezuelaQuilla 
https://t.co/JyO6M4Hc06 
#Covid19Colombia 
#Venezuela #migrantes",everyone,Twitter Web App,1250170399997997056,,,,,,,,,129,141,coalicionve,,,,,,,,,,,,,,,,,,,,,,,,,,,,,,,,,,,,,,,,,,,,,,,,,,,,,,,,,,,,,,,,,,,,,,,,,,,,,,,,,,,,,,,,,,142,158,VenezuelaQuilla,,,,,,,,,,,,,,,,,,,,,,,,,,,,,,,,,,,,,,,,,,,,,,,,,,,,,,
1250070478674448387,False,2020-04-14T14:36:41+00:00,123,Ongoing News Story,Ongoing News Stories like 'Brexit',1220701888179359745,COVID-19,199,207,0.9955,Place,Venezuela,,,,,,,,,,,,,,,27,50,https://t.co/EJomHi8QHF,https://www.gofundme.com/f/waterland-mundo-submarino?utm_source=twitter&utm_medium=social&utm_campaign=p_cp+share-sheet,gofundme.com/f/waterland-mu‚Ä¶,es,0,0,0,0,144226557,"COVID-19 help our animals. https://t.co/EJomHi8QHF

Qui√©nes pueda donar, no importa lo poco, para poder alimentar a mas de 120 ejemplares de fauna silvestre y 20 perros, por favor. Est√°n ubicados en Venezuela

Difunde!! RT",everyone,Twitter for Android,1250070478674448387,,,,,,,,,,,,,,,200,https://www.gofundme.com/f/waterland-mundo-submarino?utm_source=twitter&utm_medium=social&utm_campaign=p_cp+share-sheet,,,,,,,,,,,,,,,,,,,,,,,,,,,,,,,,,,,,,,,,,,,,,,,,,,,,,,,,,,,,,,,,,,,,,,,,,,,,,,,,,,,,,,,,,,,,,,,,,,,,,,,,,,,,,,,,,,,,,,,,,,,,,,,,,,,,,,,,,,,,,
1249039886449102855,False,2020-04-11T18:21:29+00:00,123,Ongoing News Story,Ongoing News Stories like 'Brexit',1220701888179359745,COVID-19,37,45,0.7607,Place,Venezuela,,,,,,,,,,,,,,,47,70,https://t.co/0v3T1nv3Lw,https://www.gofundme.com/f/mascaras-covid19-cv19-makers-venezuela?utm_source=twitter&utm_medium=social&utm_campaign=p_cp+share-sheet,gofundme.com/f/mascaras-cov‚Ä¶,es,0,0,0,0,497333675,Protectores Faciales COVID-19 Makers Venezuela https://t.co/0v3T1nv3Lw,everyone,Twitter Web Client,1249039886449102855,,,,,,,,,,,,,,,,,,,,,,,,,,,,,,,,,,,,,,,,,,,,,,,,,,,,,,,,,,,,,,,,,,,,,,,,,,,,,,,,,,,,,,,,,,,,,,,,,,,,,,,,,,,,,,,,,,,,,,,,,,,,,,,,,,,,,,,,,,,,,,,,,,,,,,,,,,,,,
1248195416014884865,False,2020-04-09T10:25:52+00:00,123,Ongoing News Story,Ongoing News Stories like 'Brexit',1220701888179359745,COVID-19,37,45,0.7607,Place,Venezuela,,,,,,,,,,,,,,,47,70,https://t.co/bnaPxE65wS,https://www.gofundme.com/f/mascaras-covid19-cv19-makers-venezuela?utm_source=twitter&utm_medium=social&utm_campaign=p_cp+share-sheet,gofundme.com/f/mascaras-cov‚Ä¶,es,0,0,0,0,1158637871965855744,Protectores Faciales COVID-19 Makers Venezuela https://t.co/bnaPxE65wS,everyone,Twitter Web Client,1248195416014884865,,,,,,,,,,,,,,,200,https://www.gofundme.com/f/mascaras-covid19-cv19-makers-venezuela?utm_source=twitter&utm_medium=social&utm_campaign=p_cp+share-sheet,,,,,,,,,,,,,,,,,,,,,,,,,,,,,,,,,,,,,,,,,,,,,,,,,,,,,,,,,,,,,,,,,,,,,,,,,,,,,,,,,,,,,,,,,,,,,,,,,,,,,,,,,,,,,,,,,,,,,,,,,,,,,,,,,,,,,,,,,,,,,
1247564020921573379,False,2020-04-07T16:36:55+00:00,123,Ongoing News Story,Ongoing News Stories like 'Brexit',1220701888179359745,COVID-19,43,62,0.3224,Place,Makersvzla Veprint3D,,,,,,103,113,Venezuela,114,120,covid,,,,122,145,https://t.co/0ZTcLHwvyR,https://www.gofundme.com/f/mascaras-covid19-cv19-makers-venezuela,gofundme.com/f/mascaras-cov‚Ä¶,es,0,0,0,0,166283673,Necesitan de tu apoyo solidario Campa√±a de Makersvzla Veprint3D : Protectores Faciales COVID-19 Makers #Venezuela #covid  https://t.co/0ZTcLHwvyR,everyone,Twitter for iPhone,1247564020921573379,,,,,,,,,,,,,,,,,,,,,,,,,,,,,,,,,,,,,,,,,,,,,,,,,,,,,,,,,,,,,,,,,,,,,,,,,,,,,,,,,,,,,,,,,,,,,,,,,,,,,,,,,,,,,,,,,,,,,,,,,,,,,,,,,,,,,,,,,,,,,,,,,,,,,,,,,,,,,
1247239693357514753,False,2020-04-06T19:08:10+00:00,123,Ongoing News Story,Ongoing News Stories like 'Brexit',1220701888179359745,COVID-19,,,,,,,,,,,,,,,,,,,,236,259,https://t.co/nhST86dRRO,https://www.gofundme.com/f/mascaras-covid19-cv19-makers-venezuela,gofundme.com/f/mascaras-cov‚Ä¶,es,9,0,10,0,1243874896716992512,"Somos una agrupaci√≥n sin fines de lucro estamos produciendo protectores faciales impresos en 3D para poder ayudar a las cl√≠nicas, hospitales o personal m√©dico en general que deba tratar con infectados por el COVID-19. Puedes ayudarnos

https://t.co/nhST86dRRO",everyone,Twitter Web App,1247239693357514753,,,,,,,,,,,,,,,,,,,,,,,,,,,,,,,,,,,,,,,,,,,,,,,,,,,,,,,,,,,,,,,,,,,,,,,,,,,,,,,,,,,,,,,,,,,,,,,,,,,,,,,,,,,,,,,,,,,,,,,,,,,,,,,,,,,,,,,,,,,,,,,,,,,,,,,,,,,,,
1246996118782664705,False,2020-04-06T03:00:17+00:00,12,Sports Team,"A sports team organization, like Arsenal and the Boston Celtics",731226258508390400,Torino FC,21,29,0.9162,Organization,Torino FC,49,54,0.5539,Place,Italia,,,,,,,,,,182,205,https://t.co/7X1iaNWhfR,https://portaldenoticias.com.ve/deportes/tomas-rincon-prepara-ayuda-para-venezuela-por-el-covid-19,portaldenoticias.com.ve/deportes/tomas‚Ä¶,es,0,0,0,0,1174431846798692352,"El mediocampista del Torino FC, de la Serie A de Italia, puso a disposici√≥n un GoFundMe para que, como √©l, todo aquel que desee hacer un aporte a la naci√≥n, lo haga por este medio. 
https://t.co/7X1iaNWhfR",everyone,Hootsuite Inc.,1246996118782664705,,,,,,,,,,,,,,,,,,,,,,11,Sport,"Types of sports, like soccer and basketball",733756536430809088,Soccer,26,Sports League,,733756520261767169,Serie A,,,,,,,,,,,,,,,,,,,,,,,,,,,,,,,,,,,,,,,,,,,,,,,,,,,,,,,,,,,,,,,,,,,,,,,,,,,,,,,,,,,,,,,,,,,,,,,,,,,,,,,,,,,,,,,,,,,,,,,,,,,,,,
1246816806880362497,False,2020-04-05T15:07:46+00:00,6,Sports Event,,1229920259374600192,Juventus vs Torino,21,29,0.9166,Organization,Torino FC,49,54,0.5974,Place,Italia,79,88,GoFundMe,,,,,,,183,206,https://t.co/7X1iaNEGoj,https://portaldenoticias.com.ve/deportes/tomas-rincon-prepara-ayuda-para-venezuela-por-el-covid-19,portaldenoticias.com.ve/deportes/tomas‚Ä¶,es,0,1,0,0,1174431846798692352,"El mediocampista del Torino FC, de la Serie A de Italia, puso a disposici√≥n un #GoFundMe para que, como √©l, todo aquel que desee hacer un aporte a la naci√≥n, lo haga por este medio. 
https://t.co/7X1iaNEGoj",everyone,Hootsuite Inc.,1246816806880362497,,,,,,,,,,,,,,,,,,,,,,12,Sports Team,"A sports team organization, like Arsenal and the Boston Celtics",731226258508390400,Torino FC,26,Sports League,,731226165784928260,Europe - Soccer,,,,,26,Sports League,,731226212840833024,Italy - Soccer,26,Sports League,,733756520261767169,Serie A,11,Sport,"Types of sports, like soccer and basketball",733756536430809088,Soccer,26,Sports League,,733756520261767169,Serie A,,,,,,,,,,,,,,,,,,,,,,,,,,,,,,,,,,,,,,,,,,,,,,,,,,,,,,,,,,,,,,,,,,,,,,,,,,,,,,,,,,,,,,,,,,,,,,,,,,,,,,
1246407985167024140,False,2020-04-04T12:03:15+00:00,123,Ongoing News Story,Ongoing News Stories like 'Brexit',1220701888179359745,COVID-19,,,,,,,,,,,,,,,,,,,,236,259,https://t.co/nhST86dRRO,https://www.gofundme.com/f/mascaras-covid19-cv19-makers-venezuela,gofundme.com/f/mascaras-cov‚Ä¶,es,34,0,20,1,1243874896716992512,"Somos una agrupaci√≥n sin fines de lucro estamos produciendo protectores faciales impresos en 3D para poder ayudar a las cl√≠nicas, hospitales o personal m√©dico en general que deba tratar con infectados por el COVID-19. Puedes ayudarnos

https://t.co/nhST86dRRO",everyone,Twitter Web App,1246407985167024140,,,,,,,,,,,,,,,,,,,,,,,,,,,,,,,,,,,,,,,,,,,,,,,,,,,,,,,,,,,,,,,,,,,,,,,,,,,,,,,,,,,,,,,,,,,,,,,,,,,,,,,,,,,,,,,,,,,,,,,,,,,,,,,,,,,,,,,,,,,,,,,,,,,,,,,,,,,,,
1245329553616224257,False,2020-04-01T12:37:57+00:00,123,Ongoing News Story,Ongoing News Stories like 'Brexit',1220701888179359745,COVID-19,76,84,0.9182,Place,Venezuela,88,96,0.8697,Place,Venezuela,,,,,,,,,,123,146,https://t.co/9USUPvLstu,https://www.gofundme.com/f/venezuela-unida-frente-al-covid19,gofundme.com/f/venezuela-un‚Ä¶,es,17,1,10,0,57087108,"Se agradece a los que puedan sumarse colaborando o compartiendo:
Salud Para Venezuela : Venezuela Unida frente al COVID-19 https://t.co/9USUPvLstu",everyone,Twitter for iPhone,1245329553616224257,,,,,,,,,,,,,,,,,,,,,,,,,,,,,,,,,,,,,,,,,,,,,,,,,,,,,,,,,,,,,,,,,,,,,,,,,,,,,,,,,,,,,,,,,,,,,,,,,,,,,,,,,,,,,,,,,,,,,,,,,,,,,,,,,,,,,,,,,,,,,,,,,,,,,,,,,,,,,
1243929899586523136,False,2020-03-28T15:56:13+00:00,,,,,,142,150,0.9569,Place,VENEZUELA,,,,,,,,,,,,,,,91,114,https://t.co/sk7SUJ40th,http://gf.me/u/xsbj3h,gf.me/u/xsbj3h,es,6,0,3,0,1142910359659040768,Tambi√©n puede ayudar con su contribucione a trav√©s de GoFundMe usando el siguiente enlace: https://t.co/sk7SUJ40th y escogiendo COALICION POR VENEZUELA,everyone,Twitter Web App,1243928530926424064,,,,,,,,,,,,replied_to,1243929792669454336,,200,https://www.gofundme.com/f/covid-19-crowdfunding?utm_medium=copy_link&utm_source=customer&utm_campaign=p_lico+share-sheet,,,,,,,,,,,,,,,,,,,1142910359659040768,,,,,,,,,,,,,,,,,,,,,,,,,,,,,,,,,,,,,,,,,,,,,,,,,,,,,,,,,,,,,,,,,,,,,,,,,,,,,,,,,,,,,,,,,,,,,,,,,,,,,,,,,,,,,,,,,,,,,,,,,,
1243740697146130435,False,2020-03-28T03:24:24+00:00,123,Ongoing News Story,Ongoing News Stories like 'Brexit',1220701888179359745,COVID-19,206,210,0.8244,Person,Mar√≠a,213,226,0.3366,Person,Mima) Castillo,107,117,Venezuela,191,204,TodosconMima,,,,256,279,https://t.co/jRMCHGbim1,https://www.gofundme.com/f/maria-mima-castillo-una-ayuda-contra-el-cancer?utm_source=twitter&utm_medium=social&utm_campaign=p_cp+share-sheet,gofundme.com/f/maria-mima-c‚Ä¶,es,22,2,12,1,83723511,"Si la falta de medicinas, la hiperinflaci√≥n y dolarizaci√≥n, es una situaci√≥n ca√≥tica para los pacientes en #Venezuela. No imaginan c√≥mo empeora todo con el Covid-19. 
¬°Ay√∫denme a compartir!  #TodosconMima

Mar√≠a (Mima) Castillo: Una ayuda contra el c√°ncer https://t.co/jRMCHGbim1",everyone,Twitter for Android,1243740697146130435,,,,,,,,,,,,,,,,,,,,,,,,,,,,,,,,,,,,,,,,,,,,,,,,,,,,,,,,,,,,,,,,,,,,,,,,,,,,,,,,,,,,,,,,,,,,,,,,,,,,,,,,,,,,,,,,,,,,,,,,,,,,,,,,,,,,,,,,,,,,,,,,,,,,,,,,,,,,,
1242193046319648770,False,2020-03-23T20:54:35+00:00,123,Ongoing News Story,Ongoing News Stories like 'Brexit',1220701888179359745,COVID-19,54,60,0.968,Place,Caracas,202,208,0.9962,Place,Caracas,,,,,,,,,,254,277,https://t.co/3Up8DNjjs7,https://www.gofundme.com/f/venezuela-unida-frente-al-covid19,gofundme.com/f/venezuela-un‚Ä¶,es,3,1,3,0,1174731927837954051,"Miembros del Sindicato de Trabajadores de la Salud en Caracas, expresan su preocupaci√≥n por su condiciones de seguridad ante la pandemia COVID 19 (@maurozam10)
En un monitoreo de 15 centros de salud en Caracas:
üíß13 de 15 tienen servicio regular de agua. https://t.co/3Up8DNjjs7",everyone,Twitter for Android,1242193046319648770,,,,,,,,,147,158,maurozam10,,,,200,https://www.gofundme.com/f/venezuela-unida-frente-al-covid19,,,,,,,,,,,,,,,,,,,,,,,,,,,,,,,,,,,,,,,,,,,,,,,,,,,,,,,,,,,,,,,,,,,,,,,,,,,,,,,,,,,,,,,,,,,,,,,,,,,,,,,,,,,,,,,,,,,,,,,,,,,,,,,,,,,,,,,,,,,,,
1241351124067717120,False,2020-03-21T13:09:05+00:00,123,Ongoing News Story,Ongoing News Stories like 'Brexit',1220701888179359745,COVID-19,0,8,0.8768,Place,Venezuela,,,,,,,,,,,,,,,35,58,https://t.co/4ZTfOUYmZ3,https://www.gofundme.com/f/venezuela-unida-frente-al-covid19?utm_source=twitter&utm_medium=social&utm_campaign=m_pd+share-sheet,gofundme.com/f/venezuela-un‚Ä¶,es,0,0,0,0,193030815,Venezuela Unida frente al COVID-19 https://t.co/4ZTfOUYmZ3,everyone,Twitter Web Client,1241351124067717120,,,,,,,,,,,,,,,,,,,,,,,,,,,,,,,,,,,,,,,,,,,,,,,,,,,,,,,,,,,,,,,,,,,,,,,,,,,,,,,,,,,,,,,,,,,,,,,,,,,,,,,,,,,,,,,,,,,,,,,,,,,,,,,,,,,,,,,,,,,,,,,,,,,,,,,,,,,,,
1241301370856255488,False,2020-03-21T09:51:23+00:00,123,Ongoing News Story,Ongoing News Stories like 'Brexit',1220701888179359745,COVID-19,11,19,0.983,Place,VENEZUELA,41,49,0.9827,Place,VENEZUELA,157,167,Venezuela,168,177,Covid_19,178,186,COVID19,108,131,https://t.co/thbK5HpH8m,https://www.gofundme.com/f/venezuela-unida-frente-al-covid19,gofundme.com/f/venezuela-un‚Ä¶,es,0,0,1,0,869579442355568640,"SALUD PARA VENEZUELA, MEDICOS UNIDOS POR VENEZUELA y MEALS4HOPE¬† te invitan a formar parte de esta campa√±a 
https://t.co/thbK5HpH8m
@UnidosporVe @meals4hope #Venezuela #Covid_19 #COVID19",everyone,Twitter for Android,1241301370856255488,,,,,,,,,132,144,UnidosporVe,,,,,,,,,,,,,,,,,,,,,,,,,,,,,,,,,,,,,,,,,,,,,,,,,,,,,,,,,,,,,,,,,,,,,,,,,,,,,,,,,,,,,,,,,,145,156,meals4hope,,,,,,,,,,,,,,,,,,,,,,,,,,,,,,,,,,,,,,,,,,,,,,,,,,,,,,
1240943448720539649,False,2020-03-20T10:09:08+00:00,123,Ongoing News Story,Ongoing News Stories like 'Brexit',1220701888179359745,COVID-19,0,8,0.8768,Place,Venezuela,,,,,,,,,,,,,,,35,58,https://t.co/2A9C9UVzLx,https://www.gofundme.com/f/venezuela-unida-frente-al-covid19?utm_source=twitter&utm_medium=social&utm_campaign=p_cp+share-sheet,gofundme.com/f/venezuela-un‚Ä¶,es,2,0,2,0,498931871,Venezuela Unida frente al COVID-19 https://t.co/2A9C9UVzLx,everyone,Twitter for iPhone,1240943448720539649,,,,,,,,,,,,,,,,,,,,,,,,,,,,,,,,,,,,,,,,,,,,,,,,,,,,,,,,,,,,,,,,,,,,,,,,,,,,,,,,,,,,,,,,,,,,,,,,,,,,,,,,,,,,,,,,,,,,,,,,,,,,,,,,,,,,,,,,,,,,,,,,,,,,,,,,,,,,,
1240662558006263810,False,2020-03-19T15:32:58+00:00,123,Ongoing News Story,Ongoing News Stories like 'Brexit',1220701888179359745,COVID-19,,,,,,,,,,,,,,,,,,,,256,279,https://t.co/9lMszPqarY,https://www.gofundme.com/f/venezuela-unida-frente-al-covid19?utm_source=twitter&utm_medium=social&utm_campaign=p_cp+share-sheet,gofundme.com/f/venezuela-un‚Ä¶,fr,4,0,6,0,1174731927837954051,"APPEL √† votre G√âN√âROSIT√â! Aidez nous √† envoyer du mat√©riel m√©dical et de pr√©vention au V√©n√©zuela. MERCI pour vos DONS!
LLAMADO a la generosidad con el fin de enviar material m√©dico y de prevencion. GRACIAS por sus dones!
Venezuela Unida frente al COVID-19 https://t.co/9lMszPqarY",everyone,Twitter for Android,1240662558006263810,,,,,,,,,,,,,,,200,https://www.gofundme.com/f/venezuela-unida-frente-al-covid19?utm_source=twitter&utm_medium=social&utm_campaign=p_cp+share-sheet,,,,,,,,,,,,,,,,,,,,,,,,,,,,,,,,,,,,,,,,,,,,,,,,,,,,,,,,,,,,,,,,,,,,,,,,,,,,,,,,,,,,,,,,,,,,,,,,,,,,,,,,,,,,,,,,,,,,,,,,,,,,,,,,,,,,,,,,,,,,,
1240658300359921665,False,2020-03-19T15:16:03+00:00,123,Ongoing News Story,Ongoing News Stories like 'Brexit',1220701888179359745,COVID-19,61,69,0.7734,Place,Venezuela,,,,,,,,,,,,,,,96,119,https://t.co/CtAlzLIiQ1,https://www.gofundme.com/f/venezuela-unida-frente-al-covid19?utm_source=twitter&utm_medium=social&utm_campaign=p_cp+share-sheet,gofundme.com/f/venezuela-un‚Ä¶,es,0,0,0,0,202114320,"APPEL √† votre g√©n√©rosit√©!
Llamado a la generosidad de todos!
Venezuela Unida frente al COVID-19 https://t.co/CtAlzLIiQ1",everyone,Twitter for Android,1240658300359921665,,,,,,,,,,,,,,,,,,,,,,,,,,,,,,,,,,,,,,,,,,,,,,,,,,,,,,,,,,,,,,,,,,,,,,,,,,,,,,,,,,,,,,,,,,,,,,,,,,,,,,,,,,,,,,,,,,,,,,,,,,,,,,,,,,,,,,,,,,,,,,,,,,,,,,,,,,,,,
1240647525553647616,False,2020-03-19T14:33:14+00:00,123,Ongoing News Story,Ongoing News Stories like 'Brexit',1220701888179359745,COVID-19,14,22,0.9645,Place,Venezuela,46,54,0.6808,Place,Venezuela,181,201,VenezuelaUnidaCOVID,,,,,,,155,178,https://t.co/qcGTHHKEDp,"https://www.gofundme.com/f/venezuela-unida-frente-al-covid19?sharetype=teams&member=3942590&rcid=r01-1584626830,21-2afd707e163340a8&pc=tw_co_campmgmt_w&utm_medium=social&utm_source=twitter&utm_campaign=p_lico+share-sheet",gofundme.com/f/venezuela-un‚Ä¶,es,1,0,2,0,900707524147650561,"üì£ Salud para Venezuela lidera la iniciativa ""Venezuela Unida frente al COVID-19"" para recaudar fondos a fin de enviar insumos ¬°hazlo t√∫ tambi√©n AQU√ç üëá! üì£  https://t.co/qcGTHHKEDp üò∑ #VenezuelaUnidaCOVID https://t.co/elQGnVY38r",everyone,Twitter Web App,1240647525553647616,202,225,https://t.co/elQGnVY38r,https://twitter.com/salud_venezuela/status/1240647525553647616/photo/1,pic.twitter.com/elQGnVY38r,,,,,,,,,,,,72,76,0.4375,Organization,COVID,,,,,,,,,,,,,,,,,,,,,,,,,,,,,,,,,,,,,,,,,,,,,,,,,,,,,,,,,,,,,,,,,,,,,,,,,,,,,,,,,,,,,,,,,,,,,,,,,,,,,,,,,,,,,,,,,,,,,,,,,,31240646957376442370,,,,,,,,,,,,,,
1240632755232399360,False,2020-03-19T13:34:33+00:00,123,Ongoing News Story,Ongoing News Stories like 'Brexit',1220701888179359745,COVID-19,48,56,0.8591,Place,Venezuela,,,,,,,,,,,,,,,83,106,https://t.co/a22f6lQAs1,https://www.gofundme.com/f/venezuela-unida-frente-al-covid19?utm_source=twitter&utm_medium=social&utm_campaign=m_pd+share-sheet,gofundme.com/f/venezuela-un‚Ä¶,es,0,0,0,0,202114320,"MERCI DE VOS DONS!!
GRACIAS POR SUS DONATIVOS!!
Venezuela Unida frente al COVID-19 https://t.co/a22f6lQAs1",everyone,Twitter for Android,1240632755232399360,,,,,,,,,,,,,,,,,,,,,,,,,,,,,,,,,,,,,,,,,,,,,,,,,,,,,,,,,,,,,,,,,,,,,,,,,,,,,,,,,,,,,,,,,,,,,,,,,,,,,,,,,,,,,,,,,,,,,,,,,,,,,,,,,,,,,,,,,,,,,,,,,,,,,,,,,,,,,
